--------------------------------------------------------------------------------
Release 14.7 Trace  (lin64)
Copyright (c) 1995-2013 Xilinx, Inc.  All rights reserved.

/home/user/.local/Xilinx/14.7/ISE_DS/ISE/bin/lin64/unwrapped/trce -intstyle ise
-v 3 -s 4 -n 3 -fastpaths -xml top.twx top.ncd -o top.twr top.pcf

Design file:              top.ncd
Physical constraint file: top.pcf
Device,package,speed:     xc3s1200e,fg320,-4 (PRODUCTION 1.27 2013-10-13)
Report level:             verbose report

Environment Variable      Effect 
--------------------      ------ 
NONE                      No environment variables were set
--------------------------------------------------------------------------------

WARNING:Timing:3223 - Timing constraint PATH "TS_50_to_24p_path" TIG; ignored 
   during timing analysis.
WARNING:Timing:3223 - Timing constraint PATH "TS_24p_to_50_path" TIG; ignored 
   during timing analysis.
WARNING:Timing:3223 - Timing constraint PATH "TS_50_to_24x_path" TIG; ignored 
   during timing analysis.
WARNING:Timing:3223 - Timing constraint PATH "TS_24x_to_50_path" TIG; ignored 
   during timing analysis.
WARNING:Timing:3223 - Timing constraint PATH "TS_50_to_25_path" TIG; ignored 
   during timing analysis.
WARNING:Timing:3223 - Timing constraint PATH "TS_25_to_50_path" TIG; ignored 
   during timing analysis.
WARNING:Timing:3223 - Timing constraint PATH "TS_12_5_to_50_path" TIG; ignored 
   during timing analysis.
WARNING:Timing:3223 - Timing constraint PATH "TS_50_to_12_5_path" TIG; ignored 
   during timing analysis.
INFO:Timing:3412 - To improve timing, see the Timing Closure User Guide (UG612).
INFO:Timing:2752 - To get complete path coverage, use the unconstrained paths 
   option. All paths that are not constrained will be reported in the 
   unconstrained paths section(s) of the report.
INFO:Timing:3339 - The clock-to-out numbers in this timing report are based on 
   a 50 Ohm transmission line loading model.  For the details of this model, 
   and for more information on accounting for different loading conditions, 
   please see the device datasheet.
INFO:Timing:3390 - This architecture does not support a default System Jitter 
   value, please add SYSTEM_JITTER constraint to the UCF to modify the Clock 
   Uncertainty calculation.
INFO:Timing:3389 - This architecture does not support 'Discrete Jitter' and 
   'Phase Error' calculations, these terms will be zero in the Clock 
   Uncertainty calculation.  Please make appropriate modification to 
   SYSTEM_JITTER to account for the unsupported Discrete Jitter and Phase 
   Error.

================================================================================
Timing constraint: TS_ramclk = PERIOD TIMEGRP "ram_clk" 10 ns HIGH 50%;
For more information, see Period Analysis in the Timing Closure User Guide (UG612).

 0 paths analyzed, 0 endpoints analyzed, 0 failing endpoints
 0 timing errors detected. (0 component switching limit errors)
--------------------------------------------------------------------------------

================================================================================
Timing constraint: TS_CLK25 = PERIOD TIMEGRP "CLK25" 40 ns HIGH 50%;
For more information, see Period Analysis in the Timing Closure User Guide (UG612).

 0 paths analyzed, 0 endpoints analyzed, 0 failing endpoints
 0 timing errors detected. (0 component switching limit errors)
 Minimum period is   3.192ns.
--------------------------------------------------------------------------------

Component Switching Limit Checks: TS_CLK25 = PERIOD TIMEGRP "CLK25" 40 ns HIGH 50%;
--------------------------------------------------------------------------------
Slack: 36.808ns (period - (min low pulse limit / (low pulse / period)))
  Period: 40.000ns
  Low pulse: 20.000ns
  Low pulse limit: 1.596ns (Trpw)
  Physical resource: inst_top_camera_monitoring/vga_timing_i0/hblank_not/BY
  Logical resource: inst_top_camera_monitoring/vga_timing_i0/hblank_gen_fdcpe/REV
  Location pin: SLICE_X19Y15.BY
  Clock network: inst_top_camera_monitoring/vga_timing_i0/hblank_set
--------------------------------------------------------------------------------
Slack: 36.808ns (period - (min high pulse limit / (high pulse / period)))
  Period: 40.000ns
  High pulse: 20.000ns
  High pulse limit: 1.596ns (Trpw)
  Physical resource: inst_top_camera_monitoring/vga_timing_i0/hblank_not/BY
  Logical resource: inst_top_camera_monitoring/vga_timing_i0/hblank_gen_fdcpe/REV
  Location pin: SLICE_X19Y15.BY
  Clock network: inst_top_camera_monitoring/vga_timing_i0/hblank_set
--------------------------------------------------------------------------------
Slack: 36.808ns (period - (min low pulse limit / (low pulse / period)))
  Period: 40.000ns
  Low pulse: 20.000ns
  Low pulse limit: 1.596ns (Trpw)
  Physical resource: inst_top_camera_monitoring/vga_timing_i0/hblank_not/SR
  Logical resource: inst_top_camera_monitoring/vga_timing_i0/hblank_gen_fdcpe/SR
  Location pin: SLICE_X19Y15.SR
  Clock network: inst_top_camera_monitoring/vga_timing_i0/hb_gen_state<0>
--------------------------------------------------------------------------------

================================================================================
Timing constraint: TS_CLK24pclk = PERIOD TIMEGRP "CLK24pclk" 41.667 ns HIGH 
50%;
For more information, see Period Analysis in the Timing Closure User Guide (UG612).

 308 paths analyzed, 135 endpoints analyzed, 0 failing endpoints
 0 timing errors detected. (0 setup errors, 0 hold errors, 0 component switching limit errors)
 Minimum period is   8.910ns.
--------------------------------------------------------------------------------

Paths for end point inst_top_camera_monitoring/crbc_i0/write_buffer_i0/Mram_RAM2.A (RAMB16_X1Y5.WEA), 1 path
--------------------------------------------------------------------------------
Slack (setup path):     16.378ns (requirement - (data path - clock path skew + uncertainty))
  Source:               inst_top_camera_monitoring/ov7670_capture_i0/latched_href_1 (FF)
  Destination:          inst_top_camera_monitoring/crbc_i0/write_buffer_i0/Mram_RAM2.A (RAM)
  Requirement:          20.833ns
  Data Path Delay:      4.414ns (Levels of Logic = 0)
  Clock Path Skew:      -0.041ns (0.103 - 0.144)
  Source Clock:         ov7670_pclk1_BUFGP rising at 0.000ns
  Destination Clock:    ov7670_pclk1_BUFGP falling at 20.833ns
  Clock Uncertainty:    0.000ns

  Maximum Data Path: inst_top_camera_monitoring/ov7670_capture_i0/latched_href_1 to inst_top_camera_monitoring/crbc_i0/write_buffer_i0/Mram_RAM2.A
    Location             Delay type         Delay(ns)  Physical Resource
                                                       Logical Resource(s)
    -------------------------------------------------  -------------------
    M14.IQ2              Tiockiq               0.508   ov7670_href1
                                                       inst_top_camera_monitoring/ov7670_capture_i0/latched_href_1
    RAMB16_X1Y5.WEA      net (fanout=16)       2.653   inst_top_camera_monitoring/ov7670_capture_i0/latched_href_1
    RAMB16_X1Y5.CLKA     Tbwck                 1.253   inst_top_camera_monitoring/crbc_i0/write_buffer_i0/Mram_RAM2
                                                       inst_top_camera_monitoring/crbc_i0/write_buffer_i0/Mram_RAM2.A
    -------------------------------------------------  ---------------------------
    Total                                      4.414ns (1.761ns logic, 2.653ns route)
                                                       (39.9% logic, 60.1% route)

--------------------------------------------------------------------------------

Paths for end point inst_top_camera_monitoring/crbc_i0/write_buffer_i0/Mram_RAM1.A (RAMB16_X1Y4.WEA), 1 path
--------------------------------------------------------------------------------
Slack (setup path):     16.944ns (requirement - (data path - clock path skew + uncertainty))
  Source:               inst_top_camera_monitoring/ov7670_capture_i0/latched_href_1 (FF)
  Destination:          inst_top_camera_monitoring/crbc_i0/write_buffer_i0/Mram_RAM1.A (RAM)
  Requirement:          20.833ns
  Data Path Delay:      3.851ns (Levels of Logic = 0)
  Clock Path Skew:      -0.038ns (0.106 - 0.144)
  Source Clock:         ov7670_pclk1_BUFGP rising at 0.000ns
  Destination Clock:    ov7670_pclk1_BUFGP falling at 20.833ns
  Clock Uncertainty:    0.000ns

  Maximum Data Path: inst_top_camera_monitoring/ov7670_capture_i0/latched_href_1 to inst_top_camera_monitoring/crbc_i0/write_buffer_i0/Mram_RAM1.A
    Location             Delay type         Delay(ns)  Physical Resource
                                                       Logical Resource(s)
    -------------------------------------------------  -------------------
    M14.IQ2              Tiockiq               0.508   ov7670_href1
                                                       inst_top_camera_monitoring/ov7670_capture_i0/latched_href_1
    RAMB16_X1Y4.WEA      net (fanout=16)       2.090   inst_top_camera_monitoring/ov7670_capture_i0/latched_href_1
    RAMB16_X1Y4.CLKA     Tbwck                 1.253   inst_top_camera_monitoring/crbc_i0/write_buffer_i0/Mram_RAM1
                                                       inst_top_camera_monitoring/crbc_i0/write_buffer_i0/Mram_RAM1.A
    -------------------------------------------------  ---------------------------
    Total                                      3.851ns (1.761ns logic, 2.090ns route)
                                                       (45.7% logic, 54.3% route)

--------------------------------------------------------------------------------

Paths for end point inst_top_camera_monitoring/crbc_i0/write_buffer_i0/Mram_RAM2.A (RAMB16_X1Y5.ADDRA9), 1 path
--------------------------------------------------------------------------------
Slack (setup path):     17.425ns (requirement - (data path - clock path skew + uncertainty))
  Source:               inst_top_camera_monitoring/ov7670_capture_i0/address_6 (FF)
  Destination:          inst_top_camera_monitoring/crbc_i0/write_buffer_i0/Mram_RAM2.A (RAM)
  Requirement:          20.833ns
  Data Path Delay:      3.408ns (Levels of Logic = 0)
  Clock Path Skew:      0.000ns
  Source Clock:         ov7670_pclk1_BUFGP rising at 0.000ns
  Destination Clock:    ov7670_pclk1_BUFGP falling at 20.833ns
  Clock Uncertainty:    0.000ns

  Maximum Data Path: inst_top_camera_monitoring/ov7670_capture_i0/address_6 to inst_top_camera_monitoring/crbc_i0/write_buffer_i0/Mram_RAM2.A
    Location             Delay type         Delay(ns)  Physical Resource
                                                       Logical Resource(s)
    -------------------------------------------------  -------------------
    SLICE_X79Y36.XQ      Tcko                  0.591   inst_top_camera_monitoring/ov7670_capture_i0/address<6>
                                                       inst_top_camera_monitoring/ov7670_capture_i0/address_6
    RAMB16_X1Y5.ADDRA9   net (fanout=4)        2.440   inst_top_camera_monitoring/ov7670_capture_i0/address<6>
    RAMB16_X1Y5.CLKA     Tback                 0.377   inst_top_camera_monitoring/crbc_i0/write_buffer_i0/Mram_RAM2
                                                       inst_top_camera_monitoring/crbc_i0/write_buffer_i0/Mram_RAM2.A
    -------------------------------------------------  ---------------------------
    Total                                      3.408ns (0.968ns logic, 2.440ns route)
                                                       (28.4% logic, 71.6% route)

--------------------------------------------------------------------------------

Hold Paths: TS_CLK24pclk = PERIOD TIMEGRP "CLK24pclk" 41.667 ns HIGH 50%;
--------------------------------------------------------------------------------

Paths for end point inst_top_camera_monitoring/ov7670_capture_i0/d_latch_9 (SLICE_X88Y26.BX), 1 path
--------------------------------------------------------------------------------
Slack (hold path):      1.013ns (requirement - (clock path skew + uncertainty - data path))
  Source:               inst_top_camera_monitoring/ov7670_capture_i0/d_latch_1 (FF)
  Destination:          inst_top_camera_monitoring/ov7670_capture_i0/d_latch_9 (FF)
  Requirement:          0.000ns
  Data Path Delay:      1.013ns (Levels of Logic = 0)
  Clock Path Skew:      0.000ns
  Source Clock:         ov7670_pclk1_BUFGP rising at 41.667ns
  Destination Clock:    ov7670_pclk1_BUFGP rising at 41.667ns
  Clock Uncertainty:    0.000ns

  Minimum Data Path: inst_top_camera_monitoring/ov7670_capture_i0/d_latch_1 to inst_top_camera_monitoring/ov7670_capture_i0/d_latch_9
    Location             Delay type         Delay(ns)  Physical Resource
                                                       Logical Resource(s)
    -------------------------------------------------  -------------------
    SLICE_X88Y27.XQ      Tcko                  0.474   inst_top_camera_monitoring/ov7670_capture_i0/d_latch<1>
                                                       inst_top_camera_monitoring/ov7670_capture_i0/d_latch_1
    SLICE_X88Y26.BX      net (fanout=2)        0.405   inst_top_camera_monitoring/ov7670_capture_i0/d_latch<1>
    SLICE_X88Y26.CLK     Tckdi       (-Th)    -0.134   inst_top_camera_monitoring/ov7670_capture_i0/d_latch<9>
                                                       inst_top_camera_monitoring/ov7670_capture_i0/d_latch_9
    -------------------------------------------------  ---------------------------
    Total                                      1.013ns (0.608ns logic, 0.405ns route)
                                                       (60.0% logic, 40.0% route)

--------------------------------------------------------------------------------

Paths for end point inst_top_camera_monitoring/ov7670_capture_i0/d_latch_1 (SLICE_X88Y27.CE), 1 path
--------------------------------------------------------------------------------
Slack (hold path):      1.192ns (requirement - (clock path skew + uncertainty - data path))
  Source:               inst_top_camera_monitoring/ov7670_capture_i0/latched_href_1 (FF)
  Destination:          inst_top_camera_monitoring/ov7670_capture_i0/d_latch_1 (FF)
  Requirement:          0.000ns
  Data Path Delay:      1.259ns (Levels of Logic = 0)
  Clock Path Skew:      0.067ns (0.276 - 0.209)
  Source Clock:         ov7670_pclk1_BUFGP rising at 41.667ns
  Destination Clock:    ov7670_pclk1_BUFGP rising at 41.667ns
  Clock Uncertainty:    0.000ns

  Minimum Data Path: inst_top_camera_monitoring/ov7670_capture_i0/latched_href_1 to inst_top_camera_monitoring/ov7670_capture_i0/d_latch_1
    Location             Delay type         Delay(ns)  Physical Resource
                                                       Logical Resource(s)
    -------------------------------------------------  -------------------
    M14.IQ2              Tiockiq               0.406   ov7670_href1
                                                       inst_top_camera_monitoring/ov7670_capture_i0/latched_href_1
    SLICE_X88Y27.CE      net (fanout=16)       0.784   inst_top_camera_monitoring/ov7670_capture_i0/latched_href_1
    SLICE_X88Y27.CLK     Tckce       (-Th)    -0.069   inst_top_camera_monitoring/ov7670_capture_i0/d_latch<1>
                                                       inst_top_camera_monitoring/ov7670_capture_i0/d_latch_1
    -------------------------------------------------  ---------------------------
    Total                                      1.259ns (0.475ns logic, 0.784ns route)
                                                       (37.7% logic, 62.3% route)

--------------------------------------------------------------------------------

Paths for end point inst_top_camera_monitoring/ov7670_capture_i0/d_latch_0 (SLICE_X88Y27.CE), 1 path
--------------------------------------------------------------------------------
Slack (hold path):      1.192ns (requirement - (clock path skew + uncertainty - data path))
  Source:               inst_top_camera_monitoring/ov7670_capture_i0/latched_href_1 (FF)
  Destination:          inst_top_camera_monitoring/ov7670_capture_i0/d_latch_0 (FF)
  Requirement:          0.000ns
  Data Path Delay:      1.259ns (Levels of Logic = 0)
  Clock Path Skew:      0.067ns (0.276 - 0.209)
  Source Clock:         ov7670_pclk1_BUFGP rising at 41.667ns
  Destination Clock:    ov7670_pclk1_BUFGP rising at 41.667ns
  Clock Uncertainty:    0.000ns

  Minimum Data Path: inst_top_camera_monitoring/ov7670_capture_i0/latched_href_1 to inst_top_camera_monitoring/ov7670_capture_i0/d_latch_0
    Location             Delay type         Delay(ns)  Physical Resource
                                                       Logical Resource(s)
    -------------------------------------------------  -------------------
    M14.IQ2              Tiockiq               0.406   ov7670_href1
                                                       inst_top_camera_monitoring/ov7670_capture_i0/latched_href_1
    SLICE_X88Y27.CE      net (fanout=16)       0.784   inst_top_camera_monitoring/ov7670_capture_i0/latched_href_1
    SLICE_X88Y27.CLK     Tckce       (-Th)    -0.069   inst_top_camera_monitoring/ov7670_capture_i0/d_latch<1>
                                                       inst_top_camera_monitoring/ov7670_capture_i0/d_latch_0
    -------------------------------------------------  ---------------------------
    Total                                      1.259ns (0.475ns logic, 0.784ns route)
                                                       (37.7% logic, 62.3% route)

--------------------------------------------------------------------------------

Component Switching Limit Checks: TS_CLK24pclk = PERIOD TIMEGRP "CLK24pclk" 41.667 ns HIGH 50%;
--------------------------------------------------------------------------------
Slack: 38.475ns (period - (min low pulse limit / (low pulse / period)))
  Period: 41.667ns
  Low pulse: 20.833ns
  Low pulse limit: 1.596ns (Trpw)
  Physical resource: ov7670_vsync1/SR
  Logical resource: inst_top_camera_monitoring/ov7670_capture_i0/latched_vsync/SR
  Location pin: M16.SR
  Clock network: pb_IBUF
--------------------------------------------------------------------------------
Slack: 38.475ns (period - (min high pulse limit / (high pulse / period)))
  Period: 41.667ns
  High pulse: 20.833ns
  High pulse limit: 1.596ns (Trpw)
  Physical resource: ov7670_vsync1/SR
  Logical resource: inst_top_camera_monitoring/ov7670_capture_i0/latched_vsync/SR
  Location pin: M16.SR
  Clock network: pb_IBUF
--------------------------------------------------------------------------------
Slack: 38.475ns (period - (min low pulse limit / (low pulse / period)))
  Period: 41.667ns
  Low pulse: 20.833ns
  Low pulse limit: 1.596ns (Trpw)
  Physical resource: ov7670_href1/SR
  Logical resource: inst_top_camera_monitoring/ov7670_capture_i0/latched_href/SR
  Location pin: M14.SR
  Clock network: pb_IBUF
--------------------------------------------------------------------------------

================================================================================
Timing constraint: TS_CLK24xclk = PERIOD TIMEGRP "CLK24xclk" 41.667 ns HIGH 
50%;
For more information, see Period Analysis in the Timing Closure User Guide (UG612).

 0 paths analyzed, 0 endpoints analyzed, 0 failing endpoints
 0 timing errors detected. (0 component switching limit errors)
--------------------------------------------------------------------------------

================================================================================
Timing constraint: TS_CLK12_5 = PERIOD TIMEGRP "CLK12_5" 80 ns HIGH 50%;
For more information, see Period Analysis in the Timing Closure User Guide (UG612).

 175 paths analyzed, 43 endpoints analyzed, 0 failing endpoints
 0 timing errors detected. (0 setup errors, 0 hold errors, 0 component switching limit errors)
 Minimum period is   6.604ns.
--------------------------------------------------------------------------------

Paths for end point inst_top_camera_monitoring/address_generator_i0/addr_2 (SLICE_X3Y4.SR), 11 paths
--------------------------------------------------------------------------------
Slack (setup path):     73.396ns (requirement - (data path - clock path skew + uncertainty))
  Source:               inst_top_camera_monitoring/address_generator_i0/addr_8 (FF)
  Destination:          inst_top_camera_monitoring/address_generator_i0/addr_2 (FF)
  Requirement:          80.000ns
  Data Path Delay:      6.597ns (Levels of Logic = 3)
  Clock Path Skew:      -0.007ns (0.011 - 0.018)
  Source Clock:         inst_top_camera_monitoring/read_buffer_clk rising at 0.000ns
  Destination Clock:    inst_top_camera_monitoring/read_buffer_clk rising at 80.000ns
  Clock Uncertainty:    0.000ns

  Maximum Data Path: inst_top_camera_monitoring/address_generator_i0/addr_8 to inst_top_camera_monitoring/address_generator_i0/addr_2
    Location             Delay type         Delay(ns)  Physical Resource
                                                       Logical Resource(s)
    -------------------------------------------------  -------------------
    SLICE_X3Y7.XQ        Tcko                  0.591   inst_top_camera_monitoring/address_generator_i0/addr<8>
                                                       inst_top_camera_monitoring/address_generator_i0/addr_8
    SLICE_X3Y9.F3        net (fanout=3)        0.979   inst_top_camera_monitoring/address_generator_i0/addr<8>
    SLICE_X3Y9.X         Tilo                  0.704   inst_top_camera_monitoring/address_generator_i0/addr_or00007
                                                       inst_top_camera_monitoring/address_generator_i0/addr_or00007
    SLICE_X2Y4.F2        net (fanout=1)        0.616   inst_top_camera_monitoring/address_generator_i0/addr_or00007
    SLICE_X2Y4.X         Tilo                  0.759   inst_top_camera_monitoring/address_generator_i0/addr_or000032
                                                       inst_top_camera_monitoring/address_generator_i0/addr_or000032
    SLICE_X2Y0.G1        net (fanout=1)        0.373   inst_top_camera_monitoring/address_generator_i0/addr_or000032
    SLICE_X2Y0.Y         Tilo                  0.759   inst_top_camera_monitoring/address_generator_i0/addr_or0000
                                                       inst_top_camera_monitoring/address_generator_i0/addr_or000053
    SLICE_X3Y4.SR        net (fanout=5)        0.906   inst_top_camera_monitoring/address_generator_i0/addr_or0000
    SLICE_X3Y4.CLK       Tsrck                 0.910   inst_top_camera_monitoring/address_generator_i0/addr<2>
                                                       inst_top_camera_monitoring/address_generator_i0/addr_2
    -------------------------------------------------  ---------------------------
    Total                                      6.597ns (3.723ns logic, 2.874ns route)
                                                       (56.4% logic, 43.6% route)

--------------------------------------------------------------------------------
Slack (setup path):     73.576ns (requirement - (data path - clock path skew + uncertainty))
  Source:               inst_top_camera_monitoring/address_generator_i0/addr_3 (FF)
  Destination:          inst_top_camera_monitoring/address_generator_i0/addr_2 (FF)
  Requirement:          80.000ns
  Data Path Delay:      6.424ns (Levels of Logic = 3)
  Clock Path Skew:      0.000ns
  Source Clock:         inst_top_camera_monitoring/read_buffer_clk rising at 0.000ns
  Destination Clock:    inst_top_camera_monitoring/read_buffer_clk rising at 80.000ns
  Clock Uncertainty:    0.000ns

  Maximum Data Path: inst_top_camera_monitoring/address_generator_i0/addr_3 to inst_top_camera_monitoring/address_generator_i0/addr_2
    Location             Delay type         Delay(ns)  Physical Resource
                                                       Logical Resource(s)
    -------------------------------------------------  -------------------
    SLICE_X3Y4.YQ        Tcko                  0.587   inst_top_camera_monitoring/address_generator_i0/addr<2>
                                                       inst_top_camera_monitoring/address_generator_i0/addr_3
    SLICE_X3Y9.F1        net (fanout=3)        0.810   inst_top_camera_monitoring/address_generator_i0/addr<3>
    SLICE_X3Y9.X         Tilo                  0.704   inst_top_camera_monitoring/address_generator_i0/addr_or00007
                                                       inst_top_camera_monitoring/address_generator_i0/addr_or00007
    SLICE_X2Y4.F2        net (fanout=1)        0.616   inst_top_camera_monitoring/address_generator_i0/addr_or00007
    SLICE_X2Y4.X         Tilo                  0.759   inst_top_camera_monitoring/address_generator_i0/addr_or000032
                                                       inst_top_camera_monitoring/address_generator_i0/addr_or000032
    SLICE_X2Y0.G1        net (fanout=1)        0.373   inst_top_camera_monitoring/address_generator_i0/addr_or000032
    SLICE_X2Y0.Y         Tilo                  0.759   inst_top_camera_monitoring/address_generator_i0/addr_or0000
                                                       inst_top_camera_monitoring/address_generator_i0/addr_or000053
    SLICE_X3Y4.SR        net (fanout=5)        0.906   inst_top_camera_monitoring/address_generator_i0/addr_or0000
    SLICE_X3Y4.CLK       Tsrck                 0.910   inst_top_camera_monitoring/address_generator_i0/addr<2>
                                                       inst_top_camera_monitoring/address_generator_i0/addr_2
    -------------------------------------------------  ---------------------------
    Total                                      6.424ns (3.719ns logic, 2.705ns route)
                                                       (57.9% logic, 42.1% route)

--------------------------------------------------------------------------------
Slack (setup path):     73.627ns (requirement - (data path - clock path skew + uncertainty))
  Source:               inst_top_camera_monitoring/address_generator_i0/addr_2 (FF)
  Destination:          inst_top_camera_monitoring/address_generator_i0/addr_2 (FF)
  Requirement:          80.000ns
  Data Path Delay:      6.373ns (Levels of Logic = 3)
  Clock Path Skew:      0.000ns
  Source Clock:         inst_top_camera_monitoring/read_buffer_clk rising at 0.000ns
  Destination Clock:    inst_top_camera_monitoring/read_buffer_clk rising at 80.000ns
  Clock Uncertainty:    0.000ns

  Maximum Data Path: inst_top_camera_monitoring/address_generator_i0/addr_2 to inst_top_camera_monitoring/address_generator_i0/addr_2
    Location             Delay type         Delay(ns)  Physical Resource
                                                       Logical Resource(s)
    -------------------------------------------------  -------------------
    SLICE_X3Y4.XQ        Tcko                  0.591   inst_top_camera_monitoring/address_generator_i0/addr<2>
                                                       inst_top_camera_monitoring/address_generator_i0/addr_2
    SLICE_X3Y9.F2        net (fanout=3)        0.755   inst_top_camera_monitoring/address_generator_i0/addr<2>
    SLICE_X3Y9.X         Tilo                  0.704   inst_top_camera_monitoring/address_generator_i0/addr_or00007
                                                       inst_top_camera_monitoring/address_generator_i0/addr_or00007
    SLICE_X2Y4.F2        net (fanout=1)        0.616   inst_top_camera_monitoring/address_generator_i0/addr_or00007
    SLICE_X2Y4.X         Tilo                  0.759   inst_top_camera_monitoring/address_generator_i0/addr_or000032
                                                       inst_top_camera_monitoring/address_generator_i0/addr_or000032
    SLICE_X2Y0.G1        net (fanout=1)        0.373   inst_top_camera_monitoring/address_generator_i0/addr_or000032
    SLICE_X2Y0.Y         Tilo                  0.759   inst_top_camera_monitoring/address_generator_i0/addr_or0000
                                                       inst_top_camera_monitoring/address_generator_i0/addr_or000053
    SLICE_X3Y4.SR        net (fanout=5)        0.906   inst_top_camera_monitoring/address_generator_i0/addr_or0000
    SLICE_X3Y4.CLK       Tsrck                 0.910   inst_top_camera_monitoring/address_generator_i0/addr<2>
                                                       inst_top_camera_monitoring/address_generator_i0/addr_2
    -------------------------------------------------  ---------------------------
    Total                                      6.373ns (3.723ns logic, 2.650ns route)
                                                       (58.4% logic, 41.6% route)

--------------------------------------------------------------------------------

Paths for end point inst_top_camera_monitoring/address_generator_i0/addr_3 (SLICE_X3Y4.SR), 11 paths
--------------------------------------------------------------------------------
Slack (setup path):     73.396ns (requirement - (data path - clock path skew + uncertainty))
  Source:               inst_top_camera_monitoring/address_generator_i0/addr_8 (FF)
  Destination:          inst_top_camera_monitoring/address_generator_i0/addr_3 (FF)
  Requirement:          80.000ns
  Data Path Delay:      6.597ns (Levels of Logic = 3)
  Clock Path Skew:      -0.007ns (0.011 - 0.018)
  Source Clock:         inst_top_camera_monitoring/read_buffer_clk rising at 0.000ns
  Destination Clock:    inst_top_camera_monitoring/read_buffer_clk rising at 80.000ns
  Clock Uncertainty:    0.000ns

  Maximum Data Path: inst_top_camera_monitoring/address_generator_i0/addr_8 to inst_top_camera_monitoring/address_generator_i0/addr_3
    Location             Delay type         Delay(ns)  Physical Resource
                                                       Logical Resource(s)
    -------------------------------------------------  -------------------
    SLICE_X3Y7.XQ        Tcko                  0.591   inst_top_camera_monitoring/address_generator_i0/addr<8>
                                                       inst_top_camera_monitoring/address_generator_i0/addr_8
    SLICE_X3Y9.F3        net (fanout=3)        0.979   inst_top_camera_monitoring/address_generator_i0/addr<8>
    SLICE_X3Y9.X         Tilo                  0.704   inst_top_camera_monitoring/address_generator_i0/addr_or00007
                                                       inst_top_camera_monitoring/address_generator_i0/addr_or00007
    SLICE_X2Y4.F2        net (fanout=1)        0.616   inst_top_camera_monitoring/address_generator_i0/addr_or00007
    SLICE_X2Y4.X         Tilo                  0.759   inst_top_camera_monitoring/address_generator_i0/addr_or000032
                                                       inst_top_camera_monitoring/address_generator_i0/addr_or000032
    SLICE_X2Y0.G1        net (fanout=1)        0.373   inst_top_camera_monitoring/address_generator_i0/addr_or000032
    SLICE_X2Y0.Y         Tilo                  0.759   inst_top_camera_monitoring/address_generator_i0/addr_or0000
                                                       inst_top_camera_monitoring/address_generator_i0/addr_or000053
    SLICE_X3Y4.SR        net (fanout=5)        0.906   inst_top_camera_monitoring/address_generator_i0/addr_or0000
    SLICE_X3Y4.CLK       Tsrck                 0.910   inst_top_camera_monitoring/address_generator_i0/addr<2>
                                                       inst_top_camera_monitoring/address_generator_i0/addr_3
    -------------------------------------------------  ---------------------------
    Total                                      6.597ns (3.723ns logic, 2.874ns route)
                                                       (56.4% logic, 43.6% route)

--------------------------------------------------------------------------------
Slack (setup path):     73.576ns (requirement - (data path - clock path skew + uncertainty))
  Source:               inst_top_camera_monitoring/address_generator_i0/addr_3 (FF)
  Destination:          inst_top_camera_monitoring/address_generator_i0/addr_3 (FF)
  Requirement:          80.000ns
  Data Path Delay:      6.424ns (Levels of Logic = 3)
  Clock Path Skew:      0.000ns
  Source Clock:         inst_top_camera_monitoring/read_buffer_clk rising at 0.000ns
  Destination Clock:    inst_top_camera_monitoring/read_buffer_clk rising at 80.000ns
  Clock Uncertainty:    0.000ns

  Maximum Data Path: inst_top_camera_monitoring/address_generator_i0/addr_3 to inst_top_camera_monitoring/address_generator_i0/addr_3
    Location             Delay type         Delay(ns)  Physical Resource
                                                       Logical Resource(s)
    -------------------------------------------------  -------------------
    SLICE_X3Y4.YQ        Tcko                  0.587   inst_top_camera_monitoring/address_generator_i0/addr<2>
                                                       inst_top_camera_monitoring/address_generator_i0/addr_3
    SLICE_X3Y9.F1        net (fanout=3)        0.810   inst_top_camera_monitoring/address_generator_i0/addr<3>
    SLICE_X3Y9.X         Tilo                  0.704   inst_top_camera_monitoring/address_generator_i0/addr_or00007
                                                       inst_top_camera_monitoring/address_generator_i0/addr_or00007
    SLICE_X2Y4.F2        net (fanout=1)        0.616   inst_top_camera_monitoring/address_generator_i0/addr_or00007
    SLICE_X2Y4.X         Tilo                  0.759   inst_top_camera_monitoring/address_generator_i0/addr_or000032
                                                       inst_top_camera_monitoring/address_generator_i0/addr_or000032
    SLICE_X2Y0.G1        net (fanout=1)        0.373   inst_top_camera_monitoring/address_generator_i0/addr_or000032
    SLICE_X2Y0.Y         Tilo                  0.759   inst_top_camera_monitoring/address_generator_i0/addr_or0000
                                                       inst_top_camera_monitoring/address_generator_i0/addr_or000053
    SLICE_X3Y4.SR        net (fanout=5)        0.906   inst_top_camera_monitoring/address_generator_i0/addr_or0000
    SLICE_X3Y4.CLK       Tsrck                 0.910   inst_top_camera_monitoring/address_generator_i0/addr<2>
                                                       inst_top_camera_monitoring/address_generator_i0/addr_3
    -------------------------------------------------  ---------------------------
    Total                                      6.424ns (3.719ns logic, 2.705ns route)
                                                       (57.9% logic, 42.1% route)

--------------------------------------------------------------------------------
Slack (setup path):     73.627ns (requirement - (data path - clock path skew + uncertainty))
  Source:               inst_top_camera_monitoring/address_generator_i0/addr_2 (FF)
  Destination:          inst_top_camera_monitoring/address_generator_i0/addr_3 (FF)
  Requirement:          80.000ns
  Data Path Delay:      6.373ns (Levels of Logic = 3)
  Clock Path Skew:      0.000ns
  Source Clock:         inst_top_camera_monitoring/read_buffer_clk rising at 0.000ns
  Destination Clock:    inst_top_camera_monitoring/read_buffer_clk rising at 80.000ns
  Clock Uncertainty:    0.000ns

  Maximum Data Path: inst_top_camera_monitoring/address_generator_i0/addr_2 to inst_top_camera_monitoring/address_generator_i0/addr_3
    Location             Delay type         Delay(ns)  Physical Resource
                                                       Logical Resource(s)
    -------------------------------------------------  -------------------
    SLICE_X3Y4.XQ        Tcko                  0.591   inst_top_camera_monitoring/address_generator_i0/addr<2>
                                                       inst_top_camera_monitoring/address_generator_i0/addr_2
    SLICE_X3Y9.F2        net (fanout=3)        0.755   inst_top_camera_monitoring/address_generator_i0/addr<2>
    SLICE_X3Y9.X         Tilo                  0.704   inst_top_camera_monitoring/address_generator_i0/addr_or00007
                                                       inst_top_camera_monitoring/address_generator_i0/addr_or00007
    SLICE_X2Y4.F2        net (fanout=1)        0.616   inst_top_camera_monitoring/address_generator_i0/addr_or00007
    SLICE_X2Y4.X         Tilo                  0.759   inst_top_camera_monitoring/address_generator_i0/addr_or000032
                                                       inst_top_camera_monitoring/address_generator_i0/addr_or000032
    SLICE_X2Y0.G1        net (fanout=1)        0.373   inst_top_camera_monitoring/address_generator_i0/addr_or000032
    SLICE_X2Y0.Y         Tilo                  0.759   inst_top_camera_monitoring/address_generator_i0/addr_or0000
                                                       inst_top_camera_monitoring/address_generator_i0/addr_or000053
    SLICE_X3Y4.SR        net (fanout=5)        0.906   inst_top_camera_monitoring/address_generator_i0/addr_or0000
    SLICE_X3Y4.CLK       Tsrck                 0.910   inst_top_camera_monitoring/address_generator_i0/addr<2>
                                                       inst_top_camera_monitoring/address_generator_i0/addr_3
    -------------------------------------------------  ---------------------------
    Total                                      6.373ns (3.723ns logic, 2.650ns route)
                                                       (58.4% logic, 41.6% route)

--------------------------------------------------------------------------------

Paths for end point inst_top_camera_monitoring/address_generator_i0/addr_4 (SLICE_X3Y5.SR), 11 paths
--------------------------------------------------------------------------------
Slack (setup path):     73.396ns (requirement - (data path - clock path skew + uncertainty))
  Source:               inst_top_camera_monitoring/address_generator_i0/addr_8 (FF)
  Destination:          inst_top_camera_monitoring/address_generator_i0/addr_4 (FF)
  Requirement:          80.000ns
  Data Path Delay:      6.597ns (Levels of Logic = 3)
  Clock Path Skew:      -0.007ns (0.011 - 0.018)
  Source Clock:         inst_top_camera_monitoring/read_buffer_clk rising at 0.000ns
  Destination Clock:    inst_top_camera_monitoring/read_buffer_clk rising at 80.000ns
  Clock Uncertainty:    0.000ns

  Maximum Data Path: inst_top_camera_monitoring/address_generator_i0/addr_8 to inst_top_camera_monitoring/address_generator_i0/addr_4
    Location             Delay type         Delay(ns)  Physical Resource
                                                       Logical Resource(s)
    -------------------------------------------------  -------------------
    SLICE_X3Y7.XQ        Tcko                  0.591   inst_top_camera_monitoring/address_generator_i0/addr<8>
                                                       inst_top_camera_monitoring/address_generator_i0/addr_8
    SLICE_X3Y9.F3        net (fanout=3)        0.979   inst_top_camera_monitoring/address_generator_i0/addr<8>
    SLICE_X3Y9.X         Tilo                  0.704   inst_top_camera_monitoring/address_generator_i0/addr_or00007
                                                       inst_top_camera_monitoring/address_generator_i0/addr_or00007
    SLICE_X2Y4.F2        net (fanout=1)        0.616   inst_top_camera_monitoring/address_generator_i0/addr_or00007
    SLICE_X2Y4.X         Tilo                  0.759   inst_top_camera_monitoring/address_generator_i0/addr_or000032
                                                       inst_top_camera_monitoring/address_generator_i0/addr_or000032
    SLICE_X2Y0.G1        net (fanout=1)        0.373   inst_top_camera_monitoring/address_generator_i0/addr_or000032
    SLICE_X2Y0.Y         Tilo                  0.759   inst_top_camera_monitoring/address_generator_i0/addr_or0000
                                                       inst_top_camera_monitoring/address_generator_i0/addr_or000053
    SLICE_X3Y5.SR        net (fanout=5)        0.906   inst_top_camera_monitoring/address_generator_i0/addr_or0000
    SLICE_X3Y5.CLK       Tsrck                 0.910   inst_top_camera_monitoring/address_generator_i0/addr<4>
                                                       inst_top_camera_monitoring/address_generator_i0/addr_4
    -------------------------------------------------  ---------------------------
    Total                                      6.597ns (3.723ns logic, 2.874ns route)
                                                       (56.4% logic, 43.6% route)

--------------------------------------------------------------------------------
Slack (setup path):     73.573ns (requirement - (data path - clock path skew + uncertainty))
  Source:               inst_top_camera_monitoring/address_generator_i0/addr_3 (FF)
  Destination:          inst_top_camera_monitoring/address_generator_i0/addr_4 (FF)
  Requirement:          80.000ns
  Data Path Delay:      6.424ns (Levels of Logic = 3)
  Clock Path Skew:      -0.003ns (0.011 - 0.014)
  Source Clock:         inst_top_camera_monitoring/read_buffer_clk rising at 0.000ns
  Destination Clock:    inst_top_camera_monitoring/read_buffer_clk rising at 80.000ns
  Clock Uncertainty:    0.000ns

  Maximum Data Path: inst_top_camera_monitoring/address_generator_i0/addr_3 to inst_top_camera_monitoring/address_generator_i0/addr_4
    Location             Delay type         Delay(ns)  Physical Resource
                                                       Logical Resource(s)
    -------------------------------------------------  -------------------
    SLICE_X3Y4.YQ        Tcko                  0.587   inst_top_camera_monitoring/address_generator_i0/addr<2>
                                                       inst_top_camera_monitoring/address_generator_i0/addr_3
    SLICE_X3Y9.F1        net (fanout=3)        0.810   inst_top_camera_monitoring/address_generator_i0/addr<3>
    SLICE_X3Y9.X         Tilo                  0.704   inst_top_camera_monitoring/address_generator_i0/addr_or00007
                                                       inst_top_camera_monitoring/address_generator_i0/addr_or00007
    SLICE_X2Y4.F2        net (fanout=1)        0.616   inst_top_camera_monitoring/address_generator_i0/addr_or00007
    SLICE_X2Y4.X         Tilo                  0.759   inst_top_camera_monitoring/address_generator_i0/addr_or000032
                                                       inst_top_camera_monitoring/address_generator_i0/addr_or000032
    SLICE_X2Y0.G1        net (fanout=1)        0.373   inst_top_camera_monitoring/address_generator_i0/addr_or000032
    SLICE_X2Y0.Y         Tilo                  0.759   inst_top_camera_monitoring/address_generator_i0/addr_or0000
                                                       inst_top_camera_monitoring/address_generator_i0/addr_or000053
    SLICE_X3Y5.SR        net (fanout=5)        0.906   inst_top_camera_monitoring/address_generator_i0/addr_or0000
    SLICE_X3Y5.CLK       Tsrck                 0.910   inst_top_camera_monitoring/address_generator_i0/addr<4>
                                                       inst_top_camera_monitoring/address_generator_i0/addr_4
    -------------------------------------------------  ---------------------------
    Total                                      6.424ns (3.719ns logic, 2.705ns route)
                                                       (57.9% logic, 42.1% route)

--------------------------------------------------------------------------------
Slack (setup path):     73.624ns (requirement - (data path - clock path skew + uncertainty))
  Source:               inst_top_camera_monitoring/address_generator_i0/addr_2 (FF)
  Destination:          inst_top_camera_monitoring/address_generator_i0/addr_4 (FF)
  Requirement:          80.000ns
  Data Path Delay:      6.373ns (Levels of Logic = 3)
  Clock Path Skew:      -0.003ns (0.011 - 0.014)
  Source Clock:         inst_top_camera_monitoring/read_buffer_clk rising at 0.000ns
  Destination Clock:    inst_top_camera_monitoring/read_buffer_clk rising at 80.000ns
  Clock Uncertainty:    0.000ns

  Maximum Data Path: inst_top_camera_monitoring/address_generator_i0/addr_2 to inst_top_camera_monitoring/address_generator_i0/addr_4
    Location             Delay type         Delay(ns)  Physical Resource
                                                       Logical Resource(s)
    -------------------------------------------------  -------------------
    SLICE_X3Y4.XQ        Tcko                  0.591   inst_top_camera_monitoring/address_generator_i0/addr<2>
                                                       inst_top_camera_monitoring/address_generator_i0/addr_2
    SLICE_X3Y9.F2        net (fanout=3)        0.755   inst_top_camera_monitoring/address_generator_i0/addr<2>
    SLICE_X3Y9.X         Tilo                  0.704   inst_top_camera_monitoring/address_generator_i0/addr_or00007
                                                       inst_top_camera_monitoring/address_generator_i0/addr_or00007
    SLICE_X2Y4.F2        net (fanout=1)        0.616   inst_top_camera_monitoring/address_generator_i0/addr_or00007
    SLICE_X2Y4.X         Tilo                  0.759   inst_top_camera_monitoring/address_generator_i0/addr_or000032
                                                       inst_top_camera_monitoring/address_generator_i0/addr_or000032
    SLICE_X2Y0.G1        net (fanout=1)        0.373   inst_top_camera_monitoring/address_generator_i0/addr_or000032
    SLICE_X2Y0.Y         Tilo                  0.759   inst_top_camera_monitoring/address_generator_i0/addr_or0000
                                                       inst_top_camera_monitoring/address_generator_i0/addr_or000053
    SLICE_X3Y5.SR        net (fanout=5)        0.906   inst_top_camera_monitoring/address_generator_i0/addr_or0000
    SLICE_X3Y5.CLK       Tsrck                 0.910   inst_top_camera_monitoring/address_generator_i0/addr<4>
                                                       inst_top_camera_monitoring/address_generator_i0/addr_4
    -------------------------------------------------  ---------------------------
    Total                                      6.373ns (3.723ns logic, 2.650ns route)
                                                       (58.4% logic, 41.6% route)

--------------------------------------------------------------------------------

Hold Paths: TS_CLK12_5 = PERIOD TIMEGRP "CLK12_5" 80 ns HIGH 50%;
--------------------------------------------------------------------------------

Paths for end point inst_top_camera_monitoring/crbc_i0/read_buffer_i0/U0/xst_blk_mem_generator/gnativebmg.native_blk_mem_gen/valid.cstr/ramloop[0].ram.r/s3_noinit.ram/dpram.dp18x18.ram.B (RAMB16_X0Y2.ADDRB10), 1 path
--------------------------------------------------------------------------------
Slack (hold path):      1.445ns (requirement - (clock path skew + uncertainty - data path))
  Source:               inst_top_camera_monitoring/address_generator_i0/addr_6 (FF)
  Destination:          inst_top_camera_monitoring/crbc_i0/read_buffer_i0/U0/xst_blk_mem_generator/gnativebmg.native_blk_mem_gen/valid.cstr/ramloop[0].ram.r/s3_noinit.ram/dpram.dp18x18.ram.B (RAM)
  Requirement:          0.000ns
  Data Path Delay:      1.589ns (Levels of Logic = 0)
  Clock Path Skew:      0.144ns (1.051 - 0.907)
  Source Clock:         inst_top_camera_monitoring/read_buffer_clk rising at 80.000ns
  Destination Clock:    inst_top_camera_monitoring/read_buffer_clk rising at 80.000ns
  Clock Uncertainty:    0.000ns

  Minimum Data Path: inst_top_camera_monitoring/address_generator_i0/addr_6 to inst_top_camera_monitoring/crbc_i0/read_buffer_i0/U0/xst_blk_mem_generator/gnativebmg.native_blk_mem_gen/valid.cstr/ramloop[0].ram.r/s3_noinit.ram/dpram.dp18x18.ram.B
    Location             Delay type         Delay(ns)  Physical Resource
                                                       Logical Resource(s)
    -------------------------------------------------  -------------------
    SLICE_X3Y6.XQ        Tcko                  0.473   inst_top_camera_monitoring/address_generator_i0/addr<6>
                                                       inst_top_camera_monitoring/address_generator_i0/addr_6
    RAMB16_X0Y2.ADDRB10  net (fanout=3)        1.247   inst_top_camera_monitoring/address_generator_i0/addr<6>
    RAMB16_X0Y2.CLKB     Tbcka       (-Th)     0.131   inst_top_camera_monitoring/crbc_i0/read_buffer_i0/U0/xst_blk_mem_generator/gnativebmg.native_blk_mem_gen/valid.cstr/ramloop[0].ram.r/s3_noinit.ram/dpram.dp18x18.ram
                                                       inst_top_camera_monitoring/crbc_i0/read_buffer_i0/U0/xst_blk_mem_generator/gnativebmg.native_blk_mem_gen/valid.cstr/ramloop[0].ram.r/s3_noinit.ram/dpram.dp18x18.ram.B
    -------------------------------------------------  ---------------------------
    Total                                      1.589ns (0.342ns logic, 1.247ns route)
                                                       (21.5% logic, 78.5% route)

--------------------------------------------------------------------------------

Paths for end point inst_top_camera_monitoring/crbc_i0/read_buffer_i0/U0/xst_blk_mem_generator/gnativebmg.native_blk_mem_gen/valid.cstr/ramloop[0].ram.r/s3_noinit.ram/dpram.dp18x18.ram.B (RAMB16_X0Y2.ADDRB9), 1 path
--------------------------------------------------------------------------------
Slack (hold path):      1.476ns (requirement - (clock path skew + uncertainty - data path))
  Source:               inst_top_camera_monitoring/address_generator_i0/addr_5 (FF)
  Destination:          inst_top_camera_monitoring/crbc_i0/read_buffer_i0/U0/xst_blk_mem_generator/gnativebmg.native_blk_mem_gen/valid.cstr/ramloop[0].ram.r/s3_noinit.ram/dpram.dp18x18.ram.B (RAM)
  Requirement:          0.000ns
  Data Path Delay:      1.623ns (Levels of Logic = 0)
  Clock Path Skew:      0.147ns (1.051 - 0.904)
  Source Clock:         inst_top_camera_monitoring/read_buffer_clk rising at 80.000ns
  Destination Clock:    inst_top_camera_monitoring/read_buffer_clk rising at 80.000ns
  Clock Uncertainty:    0.000ns

  Minimum Data Path: inst_top_camera_monitoring/address_generator_i0/addr_5 to inst_top_camera_monitoring/crbc_i0/read_buffer_i0/U0/xst_blk_mem_generator/gnativebmg.native_blk_mem_gen/valid.cstr/ramloop[0].ram.r/s3_noinit.ram/dpram.dp18x18.ram.B
    Location             Delay type         Delay(ns)  Physical Resource
                                                       Logical Resource(s)
    -------------------------------------------------  -------------------
    SLICE_X3Y5.YQ        Tcko                  0.470   inst_top_camera_monitoring/address_generator_i0/addr<4>
                                                       inst_top_camera_monitoring/address_generator_i0/addr_5
    RAMB16_X0Y2.ADDRB9   net (fanout=3)        1.284   inst_top_camera_monitoring/address_generator_i0/addr<5>
    RAMB16_X0Y2.CLKB     Tbcka       (-Th)     0.131   inst_top_camera_monitoring/crbc_i0/read_buffer_i0/U0/xst_blk_mem_generator/gnativebmg.native_blk_mem_gen/valid.cstr/ramloop[0].ram.r/s3_noinit.ram/dpram.dp18x18.ram
                                                       inst_top_camera_monitoring/crbc_i0/read_buffer_i0/U0/xst_blk_mem_generator/gnativebmg.native_blk_mem_gen/valid.cstr/ramloop[0].ram.r/s3_noinit.ram/dpram.dp18x18.ram.B
    -------------------------------------------------  ---------------------------
    Total                                      1.623ns (0.339ns logic, 1.284ns route)
                                                       (20.9% logic, 79.1% route)

--------------------------------------------------------------------------------

Paths for end point inst_top_camera_monitoring/crbc_i0/read_buffer_i0/U0/xst_blk_mem_generator/gnativebmg.native_blk_mem_gen/valid.cstr/ramloop[0].ram.r/s3_noinit.ram/dpram.dp18x18.ram.B (RAMB16_X0Y2.ADDRB11), 1 path
--------------------------------------------------------------------------------
Slack (hold path):      1.502ns (requirement - (clock path skew + uncertainty - data path))
  Source:               inst_top_camera_monitoring/address_generator_i0/addr_7 (FF)
  Destination:          inst_top_camera_monitoring/crbc_i0/read_buffer_i0/U0/xst_blk_mem_generator/gnativebmg.native_blk_mem_gen/valid.cstr/ramloop[0].ram.r/s3_noinit.ram/dpram.dp18x18.ram.B (RAM)
  Requirement:          0.000ns
  Data Path Delay:      1.646ns (Levels of Logic = 0)
  Clock Path Skew:      0.144ns (1.051 - 0.907)
  Source Clock:         inst_top_camera_monitoring/read_buffer_clk rising at 80.000ns
  Destination Clock:    inst_top_camera_monitoring/read_buffer_clk rising at 80.000ns
  Clock Uncertainty:    0.000ns

  Minimum Data Path: inst_top_camera_monitoring/address_generator_i0/addr_7 to inst_top_camera_monitoring/crbc_i0/read_buffer_i0/U0/xst_blk_mem_generator/gnativebmg.native_blk_mem_gen/valid.cstr/ramloop[0].ram.r/s3_noinit.ram/dpram.dp18x18.ram.B
    Location             Delay type         Delay(ns)  Physical Resource
                                                       Logical Resource(s)
    -------------------------------------------------  -------------------
    SLICE_X3Y6.YQ        Tcko                  0.470   inst_top_camera_monitoring/address_generator_i0/addr<6>
                                                       inst_top_camera_monitoring/address_generator_i0/addr_7
    RAMB16_X0Y2.ADDRB11  net (fanout=3)        1.307   inst_top_camera_monitoring/address_generator_i0/addr<7>
    RAMB16_X0Y2.CLKB     Tbcka       (-Th)     0.131   inst_top_camera_monitoring/crbc_i0/read_buffer_i0/U0/xst_blk_mem_generator/gnativebmg.native_blk_mem_gen/valid.cstr/ramloop[0].ram.r/s3_noinit.ram/dpram.dp18x18.ram
                                                       inst_top_camera_monitoring/crbc_i0/read_buffer_i0/U0/xst_blk_mem_generator/gnativebmg.native_blk_mem_gen/valid.cstr/ramloop[0].ram.r/s3_noinit.ram/dpram.dp18x18.ram.B
    -------------------------------------------------  ---------------------------
    Total                                      1.646ns (0.339ns logic, 1.307ns route)
                                                       (20.6% logic, 79.4% route)

--------------------------------------------------------------------------------

Component Switching Limit Checks: TS_CLK12_5 = PERIOD TIMEGRP "CLK12_5" 80 ns HIGH 50%;
--------------------------------------------------------------------------------
Slack: 76.824ns (period - (min low pulse limit / (low pulse / period)))
  Period: 80.000ns
  Low pulse: 40.000ns
  Low pulse limit: 1.588ns (Tbpwl)
  Physical resource: inst_top_camera_monitoring/crbc_i0/read_buffer_i0/U0/xst_blk_mem_generator/gnativebmg.native_blk_mem_gen/valid.cstr/ramloop[0].ram.r/s3_noinit.ram/dpram.dp18x18.ram/CLKB
  Logical resource: inst_top_camera_monitoring/crbc_i0/read_buffer_i0/U0/xst_blk_mem_generator/gnativebmg.native_blk_mem_gen/valid.cstr/ramloop[0].ram.r/s3_noinit.ram/dpram.dp18x18.ram.B/CLKB
  Location pin: RAMB16_X0Y2.CLKB
  Clock network: inst_top_camera_monitoring/read_buffer_clk
--------------------------------------------------------------------------------
Slack: 76.824ns (period - (min high pulse limit / (high pulse / period)))
  Period: 80.000ns
  High pulse: 40.000ns
  High pulse limit: 1.588ns (Tbpwh)
  Physical resource: inst_top_camera_monitoring/crbc_i0/read_buffer_i0/U0/xst_blk_mem_generator/gnativebmg.native_blk_mem_gen/valid.cstr/ramloop[0].ram.r/s3_noinit.ram/dpram.dp18x18.ram/CLKB
  Logical resource: inst_top_camera_monitoring/crbc_i0/read_buffer_i0/U0/xst_blk_mem_generator/gnativebmg.native_blk_mem_gen/valid.cstr/ramloop[0].ram.r/s3_noinit.ram/dpram.dp18x18.ram.B/CLKB
  Location pin: RAMB16_X0Y2.CLKB
  Clock network: inst_top_camera_monitoring/read_buffer_clk
--------------------------------------------------------------------------------
Slack: 76.824ns (period - min period limit)
  Period: 80.000ns
  Min period limit: 3.176ns (314.861MHz) (Tbp)
  Physical resource: inst_top_camera_monitoring/crbc_i0/read_buffer_i0/U0/xst_blk_mem_generator/gnativebmg.native_blk_mem_gen/valid.cstr/ramloop[0].ram.r/s3_noinit.ram/dpram.dp18x18.ram/CLKB
  Logical resource: inst_top_camera_monitoring/crbc_i0/read_buffer_i0/U0/xst_blk_mem_generator/gnativebmg.native_blk_mem_gen/valid.cstr/ramloop[0].ram.r/s3_noinit.ram/dpram.dp18x18.ram.B/CLKB
  Location pin: RAMB16_X0Y2.CLKB
  Clock network: inst_top_camera_monitoring/read_buffer_clk
--------------------------------------------------------------------------------

================================================================================
Timing constraint: PATH "TS_50_to_24p_path" TIG;

 0 paths analyzed, 0 endpoints analyzed, 0 failing endpoints
 0 timing errors detected.
--------------------------------------------------------------------------------

================================================================================
Timing constraint: PATH "TS_24p_to_50_path" TIG;

 0 paths analyzed, 0 endpoints analyzed, 0 failing endpoints
 0 timing errors detected.
--------------------------------------------------------------------------------

================================================================================
Timing constraint: PATH "TS_50_to_24x_path" TIG;

 0 paths analyzed, 0 endpoints analyzed, 0 failing endpoints
 0 timing errors detected.
--------------------------------------------------------------------------------

================================================================================
Timing constraint: PATH "TS_24x_to_50_path" TIG;

 0 paths analyzed, 0 endpoints analyzed, 0 failing endpoints
 0 timing errors detected.
--------------------------------------------------------------------------------

================================================================================
Timing constraint: PATH "TS_50_to_25_path" TIG;

 0 paths analyzed, 0 endpoints analyzed, 0 failing endpoints
 0 timing errors detected.
--------------------------------------------------------------------------------

================================================================================
Timing constraint: PATH "TS_25_to_50_path" TIG;

 0 paths analyzed, 0 endpoints analyzed, 0 failing endpoints
 0 timing errors detected.
--------------------------------------------------------------------------------

================================================================================
Timing constraint: PATH "TS_12_5_to_50_path" TIG;

 0 paths analyzed, 0 endpoints analyzed, 0 failing endpoints
 0 timing errors detected.
--------------------------------------------------------------------------------

================================================================================
Timing constraint: PATH "TS_50_to_12_5_path" TIG;

 0 paths analyzed, 0 endpoints analyzed, 0 failing endpoints
 0 timing errors detected.
--------------------------------------------------------------------------------

================================================================================
Timing constraint: TS_clk100 = PERIOD TIMEGRP "i_clock" 10 ns HIGH 50%;
For more information, see Period Analysis in the Timing Closure User Guide (UG612).

 0 paths analyzed, 0 endpoints analyzed, 0 failing endpoints
 0 timing errors detected. (0 component switching limit errors)
 Minimum period is   4.800ns.
--------------------------------------------------------------------------------

Component Switching Limit Checks: TS_clk100 = PERIOD TIMEGRP "i_clock" 10 ns HIGH 50%;
--------------------------------------------------------------------------------
Slack: 5.200ns (period - (min low pulse limit / (low pulse / period)))
  Period: 10.000ns
  Low pulse: 5.000ns
  Low pulse limit: 2.400ns (Tdcmpw_CLKIN_100_150)
  Physical resource: inst_top_camera_monitoring/dcm_sp_cam/CLKIN
  Logical resource: inst_top_camera_monitoring/dcm_sp_cam/CLKIN
  Location pin: DCM_X1Y0.CLKIN
  Clock network: inst_top_camera_monitoring/i_clock_ibg
--------------------------------------------------------------------------------
Slack: 5.200ns (period - (min high pulse limit / (high pulse / period)))
  Period: 10.000ns
  High pulse: 5.000ns
  High pulse limit: 2.400ns (Tdcmpw_CLKIN_100_150)
  Physical resource: inst_top_camera_monitoring/dcm_sp_cam/CLKIN
  Logical resource: inst_top_camera_monitoring/dcm_sp_cam/CLKIN
  Location pin: DCM_X1Y0.CLKIN
  Clock network: inst_top_camera_monitoring/i_clock_ibg
--------------------------------------------------------------------------------
Slack: 5.834ns (period - min period limit)
  Period: 10.000ns
  Min period limit: 4.166ns (240.038MHz) (Tdcmpc)
  Physical resource: inst_top_camera_monitoring/dcm_sp_cam/CLKIN
  Logical resource: inst_top_camera_monitoring/dcm_sp_cam/CLKIN
  Location pin: DCM_X1Y0.CLKIN
  Clock network: inst_top_camera_monitoring/i_clock_ibg
--------------------------------------------------------------------------------

================================================================================
Timing constraint: TS_inst_top_camera_monitoring_clk1 = PERIOD TIMEGRP         
"inst_top_camera_monitoring_clk1" TS_clk100 HIGH 50%;
For more information, see Period Analysis in the Timing Closure User Guide (UG612).

 0 paths analyzed, 0 endpoints analyzed, 0 failing endpoints
 0 timing errors detected. (0 component switching limit errors)
 Minimum period is   4.800ns.
--------------------------------------------------------------------------------

Component Switching Limit Checks: TS_inst_top_camera_monitoring_clk1 = PERIOD TIMEGRP
        "inst_top_camera_monitoring_clk1" TS_clk100 HIGH 50%;
--------------------------------------------------------------------------------
Slack: 5.200ns (period - (min low pulse limit / (low pulse / period)))
  Period: 10.000ns
  Low pulse: 5.000ns
  Low pulse limit: 2.400ns (Tdcmpw_CLKIN_100_150)
  Physical resource: inst_top_camera_monitoring/dcm_sp_vga/CLKIN
  Logical resource: inst_top_camera_monitoring/dcm_sp_vga/CLKIN
  Location pin: DCM_X2Y3.CLKIN
  Clock network: inst_top_camera_monitoring/clk1
--------------------------------------------------------------------------------
Slack: 5.200ns (period - (min high pulse limit / (high pulse / period)))
  Period: 10.000ns
  High pulse: 5.000ns
  High pulse limit: 2.400ns (Tdcmpw_CLKIN_100_150)
  Physical resource: inst_top_camera_monitoring/dcm_sp_vga/CLKIN
  Logical resource: inst_top_camera_monitoring/dcm_sp_vga/CLKIN
  Location pin: DCM_X2Y3.CLKIN
  Clock network: inst_top_camera_monitoring/clk1
--------------------------------------------------------------------------------
Slack: 5.200ns (period - (min low pulse limit / (low pulse / period)))
  Period: 10.000ns
  Low pulse: 5.000ns
  Low pulse limit: 2.400ns (Tdcmpw_CLKIN_100_150)
  Physical resource: inst_top_camera_monitoring/dcm_sp_mc/CLKIN
  Logical resource: inst_top_camera_monitoring/dcm_sp_mc/CLKIN
  Location pin: DCM_X1Y3.CLKIN
  Clock network: inst_top_camera_monitoring/clk1
--------------------------------------------------------------------------------

================================================================================
Timing constraint: TS_inst_top_camera_monitoring_clk_mc1_r1 = PERIOD TIMEGRP    
     "inst_top_camera_monitoring_clk_mc1_r1"         
TS_inst_top_camera_monitoring_clk1 / 0.5 HIGH 50%;
For more information, see Period Analysis in the Timing Closure User Guide (UG612).

 564 paths analyzed, 177 endpoints analyzed, 0 failing endpoints
 0 timing errors detected. (0 setup errors, 0 hold errors, 0 component switching limit errors)
 Minimum period is   8.987ns.
--------------------------------------------------------------------------------

Paths for end point inst_top_camera_monitoring/data_r_14 (SLICE_X15Y56.G2), 4 paths
--------------------------------------------------------------------------------
Slack (setup path):     11.013ns (requirement - (data path - clock path skew + uncertainty))
  Source:               inst_top_camera_monitoring/crbc_i0/state_0 (FF)
  Destination:          inst_top_camera_monitoring/data_r_14 (FF)
  Requirement:          20.000ns
  Data Path Delay:      7.152ns (Levels of Logic = 2)
  Clock Path Skew:      -1.835ns (1.024 - 2.859)
  Source Clock:         inst_top_camera_monitoring/clk_mc1 rising at 0.000ns
  Destination Clock:    inst_top_camera_monitoring/clk_mc1_r rising at 20.000ns
  Clock Uncertainty:    0.000ns

  Maximum Data Path: inst_top_camera_monitoring/crbc_i0/state_0 to inst_top_camera_monitoring/data_r_14
    Location             Delay type         Delay(ns)  Physical Resource
                                                       Logical Resource(s)
    -------------------------------------------------  -------------------
    SLICE_X30Y64.YQ      Tcko                  0.652   inst_top_camera_monitoring/crbc_i0/state<2>
                                                       inst_top_camera_monitoring/crbc_i0/state_0
    SLICE_X17Y37.F4      net (fanout=35)       2.818   inst_top_camera_monitoring/crbc_i0/state<0>
    SLICE_X17Y37.X       Tilo                  0.704   inst_top_camera_monitoring/N11
                                                       inst_top_camera_monitoring/data_r_mux0000<0>11
    SLICE_X15Y56.G2      net (fanout=12)       2.141   inst_top_camera_monitoring/N11
    SLICE_X15Y56.CLK     Tgck                  0.837   inst_top_camera_monitoring/data_r<15>
                                                       inst_top_camera_monitoring/data_r_mux0000<1>1
                                                       inst_top_camera_monitoring/data_r_14
    -------------------------------------------------  ---------------------------
    Total                                      7.152ns (2.193ns logic, 4.959ns route)
                                                       (30.7% logic, 69.3% route)

--------------------------------------------------------------------------------
Slack (setup path):     13.931ns (requirement - (data path - clock path skew + uncertainty))
  Source:               inst_top_camera_monitoring/p1_state_FSM_FFd2 (FF)
  Destination:          inst_top_camera_monitoring/data_r_14 (FF)
  Requirement:          20.000ns
  Data Path Delay:      6.069ns (Levels of Logic = 2)
  Clock Path Skew:      0.000ns
  Source Clock:         inst_top_camera_monitoring/clk_mc1_r rising at 0.000ns
  Destination Clock:    inst_top_camera_monitoring/clk_mc1_r rising at 20.000ns
  Clock Uncertainty:    0.000ns

  Maximum Data Path: inst_top_camera_monitoring/p1_state_FSM_FFd2 to inst_top_camera_monitoring/data_r_14
    Location             Delay type         Delay(ns)  Physical Resource
                                                       Logical Resource(s)
    -------------------------------------------------  -------------------
    SLICE_X20Y43.XQ      Tcko                  0.592   inst_top_camera_monitoring/p1_state_FSM_FFd2
                                                       inst_top_camera_monitoring/p1_state_FSM_FFd2
    SLICE_X17Y37.F1      net (fanout=24)       1.795   inst_top_camera_monitoring/p1_state_FSM_FFd2
    SLICE_X17Y37.X       Tilo                  0.704   inst_top_camera_monitoring/N11
                                                       inst_top_camera_monitoring/data_r_mux0000<0>11
    SLICE_X15Y56.G2      net (fanout=12)       2.141   inst_top_camera_monitoring/N11
    SLICE_X15Y56.CLK     Tgck                  0.837   inst_top_camera_monitoring/data_r<15>
                                                       inst_top_camera_monitoring/data_r_mux0000<1>1
                                                       inst_top_camera_monitoring/data_r_14
    -------------------------------------------------  ---------------------------
    Total                                      6.069ns (2.133ns logic, 3.936ns route)
                                                       (35.1% logic, 64.9% route)

--------------------------------------------------------------------------------
Slack (setup path):     14.422ns (requirement - (data path - clock path skew + uncertainty))
  Source:               inst_top_camera_monitoring/p1_state_FSM_FFd4 (FF)
  Destination:          inst_top_camera_monitoring/data_r_14 (FF)
  Requirement:          20.000ns
  Data Path Delay:      5.578ns (Levels of Logic = 2)
  Clock Path Skew:      0.000ns
  Source Clock:         inst_top_camera_monitoring/clk_mc1_r rising at 0.000ns
  Destination Clock:    inst_top_camera_monitoring/clk_mc1_r rising at 20.000ns
  Clock Uncertainty:    0.000ns

  Maximum Data Path: inst_top_camera_monitoring/p1_state_FSM_FFd4 to inst_top_camera_monitoring/data_r_14
    Location             Delay type         Delay(ns)  Physical Resource
                                                       Logical Resource(s)
    -------------------------------------------------  -------------------
    SLICE_X24Y41.XQ      Tcko                  0.592   inst_top_camera_monitoring/p1_state_FSM_FFd4
                                                       inst_top_camera_monitoring/p1_state_FSM_FFd4
    SLICE_X17Y37.F2      net (fanout=23)       1.304   inst_top_camera_monitoring/p1_state_FSM_FFd4
    SLICE_X17Y37.X       Tilo                  0.704   inst_top_camera_monitoring/N11
                                                       inst_top_camera_monitoring/data_r_mux0000<0>11
    SLICE_X15Y56.G2      net (fanout=12)       2.141   inst_top_camera_monitoring/N11
    SLICE_X15Y56.CLK     Tgck                  0.837   inst_top_camera_monitoring/data_r<15>
                                                       inst_top_camera_monitoring/data_r_mux0000<1>1
                                                       inst_top_camera_monitoring/data_r_14
    -------------------------------------------------  ---------------------------
    Total                                      5.578ns (2.133ns logic, 3.445ns route)
                                                       (38.2% logic, 61.8% route)

--------------------------------------------------------------------------------

Paths for end point inst_top_camera_monitoring/data_r_15 (SLICE_X15Y56.F4), 4 paths
--------------------------------------------------------------------------------
Slack (setup path):     11.344ns (requirement - (data path - clock path skew + uncertainty))
  Source:               inst_top_camera_monitoring/crbc_i0/state_0 (FF)
  Destination:          inst_top_camera_monitoring/data_r_15 (FF)
  Requirement:          20.000ns
  Data Path Delay:      6.821ns (Levels of Logic = 2)
  Clock Path Skew:      -1.835ns (1.024 - 2.859)
  Source Clock:         inst_top_camera_monitoring/clk_mc1 rising at 0.000ns
  Destination Clock:    inst_top_camera_monitoring/clk_mc1_r rising at 20.000ns
  Clock Uncertainty:    0.000ns

  Maximum Data Path: inst_top_camera_monitoring/crbc_i0/state_0 to inst_top_camera_monitoring/data_r_15
    Location             Delay type         Delay(ns)  Physical Resource
                                                       Logical Resource(s)
    -------------------------------------------------  -------------------
    SLICE_X30Y64.YQ      Tcko                  0.652   inst_top_camera_monitoring/crbc_i0/state<2>
                                                       inst_top_camera_monitoring/crbc_i0/state_0
    SLICE_X17Y37.F4      net (fanout=35)       2.818   inst_top_camera_monitoring/crbc_i0/state<0>
    SLICE_X17Y37.X       Tilo                  0.704   inst_top_camera_monitoring/N11
                                                       inst_top_camera_monitoring/data_r_mux0000<0>11
    SLICE_X15Y56.F4      net (fanout=12)       1.810   inst_top_camera_monitoring/N11
    SLICE_X15Y56.CLK     Tfck                  0.837   inst_top_camera_monitoring/data_r<15>
                                                       inst_top_camera_monitoring/data_r_mux0000<0>2
                                                       inst_top_camera_monitoring/data_r_15
    -------------------------------------------------  ---------------------------
    Total                                      6.821ns (2.193ns logic, 4.628ns route)
                                                       (32.2% logic, 67.8% route)

--------------------------------------------------------------------------------
Slack (setup path):     14.262ns (requirement - (data path - clock path skew + uncertainty))
  Source:               inst_top_camera_monitoring/p1_state_FSM_FFd2 (FF)
  Destination:          inst_top_camera_monitoring/data_r_15 (FF)
  Requirement:          20.000ns
  Data Path Delay:      5.738ns (Levels of Logic = 2)
  Clock Path Skew:      0.000ns
  Source Clock:         inst_top_camera_monitoring/clk_mc1_r rising at 0.000ns
  Destination Clock:    inst_top_camera_monitoring/clk_mc1_r rising at 20.000ns
  Clock Uncertainty:    0.000ns

  Maximum Data Path: inst_top_camera_monitoring/p1_state_FSM_FFd2 to inst_top_camera_monitoring/data_r_15
    Location             Delay type         Delay(ns)  Physical Resource
                                                       Logical Resource(s)
    -------------------------------------------------  -------------------
    SLICE_X20Y43.XQ      Tcko                  0.592   inst_top_camera_monitoring/p1_state_FSM_FFd2
                                                       inst_top_camera_monitoring/p1_state_FSM_FFd2
    SLICE_X17Y37.F1      net (fanout=24)       1.795   inst_top_camera_monitoring/p1_state_FSM_FFd2
    SLICE_X17Y37.X       Tilo                  0.704   inst_top_camera_monitoring/N11
                                                       inst_top_camera_monitoring/data_r_mux0000<0>11
    SLICE_X15Y56.F4      net (fanout=12)       1.810   inst_top_camera_monitoring/N11
    SLICE_X15Y56.CLK     Tfck                  0.837   inst_top_camera_monitoring/data_r<15>
                                                       inst_top_camera_monitoring/data_r_mux0000<0>2
                                                       inst_top_camera_monitoring/data_r_15
    -------------------------------------------------  ---------------------------
    Total                                      5.738ns (2.133ns logic, 3.605ns route)
                                                       (37.2% logic, 62.8% route)

--------------------------------------------------------------------------------
Slack (setup path):     14.753ns (requirement - (data path - clock path skew + uncertainty))
  Source:               inst_top_camera_monitoring/p1_state_FSM_FFd4 (FF)
  Destination:          inst_top_camera_monitoring/data_r_15 (FF)
  Requirement:          20.000ns
  Data Path Delay:      5.247ns (Levels of Logic = 2)
  Clock Path Skew:      0.000ns
  Source Clock:         inst_top_camera_monitoring/clk_mc1_r rising at 0.000ns
  Destination Clock:    inst_top_camera_monitoring/clk_mc1_r rising at 20.000ns
  Clock Uncertainty:    0.000ns

  Maximum Data Path: inst_top_camera_monitoring/p1_state_FSM_FFd4 to inst_top_camera_monitoring/data_r_15
    Location             Delay type         Delay(ns)  Physical Resource
                                                       Logical Resource(s)
    -------------------------------------------------  -------------------
    SLICE_X24Y41.XQ      Tcko                  0.592   inst_top_camera_monitoring/p1_state_FSM_FFd4
                                                       inst_top_camera_monitoring/p1_state_FSM_FFd4
    SLICE_X17Y37.F2      net (fanout=23)       1.304   inst_top_camera_monitoring/p1_state_FSM_FFd4
    SLICE_X17Y37.X       Tilo                  0.704   inst_top_camera_monitoring/N11
                                                       inst_top_camera_monitoring/data_r_mux0000<0>11
    SLICE_X15Y56.F4      net (fanout=12)       1.810   inst_top_camera_monitoring/N11
    SLICE_X15Y56.CLK     Tfck                  0.837   inst_top_camera_monitoring/data_r<15>
                                                       inst_top_camera_monitoring/data_r_mux0000<0>2
                                                       inst_top_camera_monitoring/data_r_15
    -------------------------------------------------  ---------------------------
    Total                                      5.247ns (2.133ns logic, 3.114ns route)
                                                       (40.7% logic, 59.3% route)

--------------------------------------------------------------------------------

Paths for end point inst_top_camera_monitoring/data_r_11 (SLICE_X17Y47.F3), 4 paths
--------------------------------------------------------------------------------
Slack (setup path):     11.537ns (requirement - (data path - clock path skew + uncertainty))
  Source:               inst_top_camera_monitoring/crbc_i0/state_0 (FF)
  Destination:          inst_top_camera_monitoring/data_r_11 (FF)
  Requirement:          20.000ns
  Data Path Delay:      6.605ns (Levels of Logic = 2)
  Clock Path Skew:      -1.858ns (1.001 - 2.859)
  Source Clock:         inst_top_camera_monitoring/clk_mc1 rising at 0.000ns
  Destination Clock:    inst_top_camera_monitoring/clk_mc1_r rising at 20.000ns
  Clock Uncertainty:    0.000ns

  Maximum Data Path: inst_top_camera_monitoring/crbc_i0/state_0 to inst_top_camera_monitoring/data_r_11
    Location             Delay type         Delay(ns)  Physical Resource
                                                       Logical Resource(s)
    -------------------------------------------------  -------------------
    SLICE_X30Y64.YQ      Tcko                  0.652   inst_top_camera_monitoring/crbc_i0/state<2>
                                                       inst_top_camera_monitoring/crbc_i0/state_0
    SLICE_X17Y37.F4      net (fanout=35)       2.818   inst_top_camera_monitoring/crbc_i0/state<0>
    SLICE_X17Y37.X       Tilo                  0.704   inst_top_camera_monitoring/N11
                                                       inst_top_camera_monitoring/data_r_mux0000<0>11
    SLICE_X17Y47.F3      net (fanout=12)       1.594   inst_top_camera_monitoring/N11
    SLICE_X17Y47.CLK     Tfck                  0.837   inst_top_camera_monitoring/data_r<11>
                                                       inst_top_camera_monitoring/data_r_mux0000<4>1
                                                       inst_top_camera_monitoring/data_r_11
    -------------------------------------------------  ---------------------------
    Total                                      6.605ns (2.193ns logic, 4.412ns route)
                                                       (33.2% logic, 66.8% route)

--------------------------------------------------------------------------------
Slack (setup path):     14.478ns (requirement - (data path - clock path skew + uncertainty))
  Source:               inst_top_camera_monitoring/p1_state_FSM_FFd2 (FF)
  Destination:          inst_top_camera_monitoring/data_r_11 (FF)
  Requirement:          20.000ns
  Data Path Delay:      5.522ns (Levels of Logic = 2)
  Clock Path Skew:      0.000ns
  Source Clock:         inst_top_camera_monitoring/clk_mc1_r rising at 0.000ns
  Destination Clock:    inst_top_camera_monitoring/clk_mc1_r rising at 20.000ns
  Clock Uncertainty:    0.000ns

  Maximum Data Path: inst_top_camera_monitoring/p1_state_FSM_FFd2 to inst_top_camera_monitoring/data_r_11
    Location             Delay type         Delay(ns)  Physical Resource
                                                       Logical Resource(s)
    -------------------------------------------------  -------------------
    SLICE_X20Y43.XQ      Tcko                  0.592   inst_top_camera_monitoring/p1_state_FSM_FFd2
                                                       inst_top_camera_monitoring/p1_state_FSM_FFd2
    SLICE_X17Y37.F1      net (fanout=24)       1.795   inst_top_camera_monitoring/p1_state_FSM_FFd2
    SLICE_X17Y37.X       Tilo                  0.704   inst_top_camera_monitoring/N11
                                                       inst_top_camera_monitoring/data_r_mux0000<0>11
    SLICE_X17Y47.F3      net (fanout=12)       1.594   inst_top_camera_monitoring/N11
    SLICE_X17Y47.CLK     Tfck                  0.837   inst_top_camera_monitoring/data_r<11>
                                                       inst_top_camera_monitoring/data_r_mux0000<4>1
                                                       inst_top_camera_monitoring/data_r_11
    -------------------------------------------------  ---------------------------
    Total                                      5.522ns (2.133ns logic, 3.389ns route)
                                                       (38.6% logic, 61.4% route)

--------------------------------------------------------------------------------
Slack (setup path):     14.969ns (requirement - (data path - clock path skew + uncertainty))
  Source:               inst_top_camera_monitoring/p1_state_FSM_FFd4 (FF)
  Destination:          inst_top_camera_monitoring/data_r_11 (FF)
  Requirement:          20.000ns
  Data Path Delay:      5.031ns (Levels of Logic = 2)
  Clock Path Skew:      0.000ns
  Source Clock:         inst_top_camera_monitoring/clk_mc1_r rising at 0.000ns
  Destination Clock:    inst_top_camera_monitoring/clk_mc1_r rising at 20.000ns
  Clock Uncertainty:    0.000ns

  Maximum Data Path: inst_top_camera_monitoring/p1_state_FSM_FFd4 to inst_top_camera_monitoring/data_r_11
    Location             Delay type         Delay(ns)  Physical Resource
                                                       Logical Resource(s)
    -------------------------------------------------  -------------------
    SLICE_X24Y41.XQ      Tcko                  0.592   inst_top_camera_monitoring/p1_state_FSM_FFd4
                                                       inst_top_camera_monitoring/p1_state_FSM_FFd4
    SLICE_X17Y37.F2      net (fanout=23)       1.304   inst_top_camera_monitoring/p1_state_FSM_FFd4
    SLICE_X17Y37.X       Tilo                  0.704   inst_top_camera_monitoring/N11
                                                       inst_top_camera_monitoring/data_r_mux0000<0>11
    SLICE_X17Y47.F3      net (fanout=12)       1.594   inst_top_camera_monitoring/N11
    SLICE_X17Y47.CLK     Tfck                  0.837   inst_top_camera_monitoring/data_r<11>
                                                       inst_top_camera_monitoring/data_r_mux0000<4>1
                                                       inst_top_camera_monitoring/data_r_11
    -------------------------------------------------  ---------------------------
    Total                                      5.031ns (2.133ns logic, 2.898ns route)
                                                       (42.4% logic, 57.6% route)

--------------------------------------------------------------------------------

Hold Paths: TS_inst_top_camera_monitoring_clk_mc1_r1 = PERIOD TIMEGRP
        "inst_top_camera_monitoring_clk_mc1_r1"
        TS_inst_top_camera_monitoring_clk1 / 0.5 HIGH 50%;
--------------------------------------------------------------------------------

Paths for end point inst_top_camera_monitoring/ov7670_vs_next_1 (SLICE_X24Y37.BX), 1 path
--------------------------------------------------------------------------------
Slack (hold path):      1.061ns (requirement - (clock path skew + uncertainty - data path))
  Source:               inst_top_camera_monitoring/ov7670_vs_next_0 (FF)
  Destination:          inst_top_camera_monitoring/ov7670_vs_next_1 (FF)
  Requirement:          0.000ns
  Data Path Delay:      1.061ns (Levels of Logic = 0)
  Clock Path Skew:      0.000ns
  Source Clock:         inst_top_camera_monitoring/clk_mc1_r rising at 20.000ns
  Destination Clock:    inst_top_camera_monitoring/clk_mc1_r rising at 20.000ns
  Clock Uncertainty:    0.000ns

  Minimum Data Path: inst_top_camera_monitoring/ov7670_vs_next_0 to inst_top_camera_monitoring/ov7670_vs_next_1
    Location             Delay type         Delay(ns)  Physical Resource
                                                       Logical Resource(s)
    -------------------------------------------------  -------------------
    SLICE_X24Y37.YQ      Tcko                  0.522   inst_top_camera_monitoring/ov7670_vs_next<1>
                                                       inst_top_camera_monitoring/ov7670_vs_next_0
    SLICE_X24Y37.BX      net (fanout=2)        0.405   inst_top_camera_monitoring/ov7670_vs_next<0>
    SLICE_X24Y37.CLK     Tckdi       (-Th)    -0.134   inst_top_camera_monitoring/ov7670_vs_next<1>
                                                       inst_top_camera_monitoring/ov7670_vs_next_1
    -------------------------------------------------  ---------------------------
    Total                                      1.061ns (0.656ns logic, 0.405ns route)
                                                       (61.8% logic, 38.2% route)

--------------------------------------------------------------------------------

Paths for end point inst_top_camera_monitoring/data_r_14 (SLICE_X15Y56.G3), 1 path
--------------------------------------------------------------------------------
Slack (hold path):      1.318ns (requirement - (clock path skew + uncertainty - data path))
  Source:               inst_top_camera_monitoring/data_r_14 (FF)
  Destination:          inst_top_camera_monitoring/data_r_14 (FF)
  Requirement:          0.000ns
  Data Path Delay:      1.318ns (Levels of Logic = 1)
  Clock Path Skew:      0.000ns
  Source Clock:         inst_top_camera_monitoring/clk_mc1_r rising at 20.000ns
  Destination Clock:    inst_top_camera_monitoring/clk_mc1_r rising at 20.000ns
  Clock Uncertainty:    0.000ns

  Minimum Data Path: inst_top_camera_monitoring/data_r_14 to inst_top_camera_monitoring/data_r_14
    Location             Delay type         Delay(ns)  Physical Resource
                                                       Logical Resource(s)
    -------------------------------------------------  -------------------
    SLICE_X15Y56.YQ      Tcko                  0.470   inst_top_camera_monitoring/data_r<15>
                                                       inst_top_camera_monitoring/data_r_14
    SLICE_X15Y56.G3      net (fanout=2)        0.332   inst_top_camera_monitoring/data_r<14>
    SLICE_X15Y56.CLK     Tckg        (-Th)    -0.516   inst_top_camera_monitoring/data_r<15>
                                                       inst_top_camera_monitoring/data_r_mux0000<1>1
                                                       inst_top_camera_monitoring/data_r_14
    -------------------------------------------------  ---------------------------
    Total                                      1.318ns (0.986ns logic, 0.332ns route)
                                                       (74.8% logic, 25.2% route)

--------------------------------------------------------------------------------

Paths for end point inst_top_camera_monitoring/data_r_11 (SLICE_X17Y47.F4), 1 path
--------------------------------------------------------------------------------
Slack (hold path):      1.322ns (requirement - (clock path skew + uncertainty - data path))
  Source:               inst_top_camera_monitoring/data_r_11 (FF)
  Destination:          inst_top_camera_monitoring/data_r_11 (FF)
  Requirement:          0.000ns
  Data Path Delay:      1.322ns (Levels of Logic = 1)
  Clock Path Skew:      0.000ns
  Source Clock:         inst_top_camera_monitoring/clk_mc1_r rising at 20.000ns
  Destination Clock:    inst_top_camera_monitoring/clk_mc1_r rising at 20.000ns
  Clock Uncertainty:    0.000ns

  Minimum Data Path: inst_top_camera_monitoring/data_r_11 to inst_top_camera_monitoring/data_r_11
    Location             Delay type         Delay(ns)  Physical Resource
                                                       Logical Resource(s)
    -------------------------------------------------  -------------------
    SLICE_X17Y47.XQ      Tcko                  0.473   inst_top_camera_monitoring/data_r<11>
                                                       inst_top_camera_monitoring/data_r_11
    SLICE_X17Y47.F4      net (fanout=2)        0.333   inst_top_camera_monitoring/data_r<11>
    SLICE_X17Y47.CLK     Tckf        (-Th)    -0.516   inst_top_camera_monitoring/data_r<11>
                                                       inst_top_camera_monitoring/data_r_mux0000<4>1
                                                       inst_top_camera_monitoring/data_r_11
    -------------------------------------------------  ---------------------------
    Total                                      1.322ns (0.989ns logic, 0.333ns route)
                                                       (74.8% logic, 25.2% route)

--------------------------------------------------------------------------------

Component Switching Limit Checks: TS_inst_top_camera_monitoring_clk_mc1_r1 = PERIOD TIMEGRP
        "inst_top_camera_monitoring_clk_mc1_r1"
        TS_inst_top_camera_monitoring_clk1 / 0.5 HIGH 50%;
--------------------------------------------------------------------------------
Slack: 18.348ns (period - (min low pulse limit / (low pulse / period)))
  Period: 20.000ns
  Low pulse: 10.000ns
  Low pulse limit: 0.826ns (Tcl)
  Physical resource: inst_top_camera_monitoring/data_r<8>/CLK
  Logical resource: inst_top_camera_monitoring/data_r_8/CK
  Location pin: SLICE_X20Y45.CLK
  Clock network: inst_top_camera_monitoring/clk_mc1_r
--------------------------------------------------------------------------------
Slack: 18.348ns (period - (min high pulse limit / (high pulse / period)))
  Period: 20.000ns
  High pulse: 10.000ns
  High pulse limit: 0.826ns (Tch)
  Physical resource: inst_top_camera_monitoring/data_r<8>/CLK
  Logical resource: inst_top_camera_monitoring/data_r_8/CK
  Location pin: SLICE_X20Y45.CLK
  Clock network: inst_top_camera_monitoring/clk_mc1_r
--------------------------------------------------------------------------------
Slack: 18.348ns (period - min period limit)
  Period: 20.000ns
  Min period limit: 1.652ns (605.327MHz) (Tcp)
  Physical resource: inst_top_camera_monitoring/data_r<8>/CLK
  Logical resource: inst_top_camera_monitoring/data_r_8/CK
  Location pin: SLICE_X20Y45.CLK
  Clock network: inst_top_camera_monitoring/clk_mc1_r
--------------------------------------------------------------------------------

================================================================================
Timing constraint: TS_inst_top_camera_monitoring_clk_mc1_w1 = PERIOD TIMEGRP    
     "inst_top_camera_monitoring_clk_mc1_w1"         
TS_inst_top_camera_monitoring_clk1 / 0.5 HIGH 50%;
For more information, see Period Analysis in the Timing Closure User Guide (UG612).

 603 paths analyzed, 147 endpoints analyzed, 0 failing endpoints
 0 timing errors detected. (0 setup errors, 0 hold errors, 0 component switching limit errors)
 Minimum period is   8.206ns.
--------------------------------------------------------------------------------

Paths for end point inst_top_camera_monitoring/data_w_1 (SLICE_X25Y55.BY), 10 paths
--------------------------------------------------------------------------------
Slack (setup path):     11.794ns (requirement - (data path - clock path skew + uncertainty))
  Source:               inst_top_camera_monitoring/p0_state_FSM_FFd2 (FF)
  Destination:          inst_top_camera_monitoring/data_w_1 (FF)
  Requirement:          20.000ns
  Data Path Delay:      8.206ns (Levels of Logic = 4)
  Clock Path Skew:      0.000ns
  Source Clock:         inst_top_camera_monitoring/clk_mc1_w rising at 0.000ns
  Destination Clock:    inst_top_camera_monitoring/clk_mc1_w rising at 20.000ns
  Clock Uncertainty:    0.000ns

  Maximum Data Path: inst_top_camera_monitoring/p0_state_FSM_FFd2 to inst_top_camera_monitoring/data_w_1
    Location             Delay type         Delay(ns)  Physical Resource
                                                       Logical Resource(s)
    -------------------------------------------------  -------------------
    SLICE_X26Y50.YQ      Tcko                  0.652   inst_top_camera_monitoring/p0_state_FSM_FFd2
                                                       inst_top_camera_monitoring/p0_state_FSM_FFd2
    SLICE_X35Y55.F3      net (fanout=17)       1.779   inst_top_camera_monitoring/p0_state_FSM_FFd2
    SLICE_X35Y55.X       Tilo                  0.704   N83
                                                       inst_top_camera_monitoring/data_w_mux0000<7>11_SW0
    SLICE_X33Y55.G2      net (fanout=1)        0.399   N83
    SLICE_X33Y55.Y       Tilo                  0.704   inst_top_camera_monitoring/N0
                                                       inst_top_camera_monitoring/data_w_mux0000<7>11
    SLICE_X33Y55.F4      net (fanout=2)        0.044   inst_top_camera_monitoring/N7
    SLICE_X33Y55.X       Tilo                  0.704   inst_top_camera_monitoring/N0
                                                       inst_top_camera_monitoring/data_w_mux0000<7>12
    SLICE_X24Y54.G3      net (fanout=13)       0.651   inst_top_camera_monitoring/N0
    SLICE_X24Y54.Y       Tilo                  0.759   N79
                                                       inst_top_camera_monitoring/data_w_mux0000<14>_SW0
    SLICE_X25Y55.BY      net (fanout=1)        0.714   N81
    SLICE_X25Y55.CLK     Tsrck                 1.096   inst_top_camera_monitoring/data_w<1>
                                                       inst_top_camera_monitoring/data_w_1
    -------------------------------------------------  ---------------------------
    Total                                      8.206ns (4.619ns logic, 3.587ns route)
                                                       (56.3% logic, 43.7% route)

--------------------------------------------------------------------------------
Slack (setup path):     11.946ns (requirement - (data path - clock path skew + uncertainty))
  Source:               inst_top_camera_monitoring/crbc_i0/state_0 (FF)
  Destination:          inst_top_camera_monitoring/data_w_1 (FF)
  Requirement:          20.000ns
  Data Path Delay:      8.054ns (Levels of Logic = 4)
  Clock Path Skew:      0.000ns
  Source Clock:         inst_top_camera_monitoring/clk_mc1 rising at 0.000ns
  Destination Clock:    inst_top_camera_monitoring/clk_mc1_w rising at 20.000ns
  Clock Uncertainty:    0.000ns

  Maximum Data Path: inst_top_camera_monitoring/crbc_i0/state_0 to inst_top_camera_monitoring/data_w_1
    Location             Delay type         Delay(ns)  Physical Resource
                                                       Logical Resource(s)
    -------------------------------------------------  -------------------
    SLICE_X30Y64.YQ      Tcko                  0.652   inst_top_camera_monitoring/crbc_i0/state<2>
                                                       inst_top_camera_monitoring/crbc_i0/state_0
    SLICE_X35Y55.F4      net (fanout=35)       1.627   inst_top_camera_monitoring/crbc_i0/state<0>
    SLICE_X35Y55.X       Tilo                  0.704   N83
                                                       inst_top_camera_monitoring/data_w_mux0000<7>11_SW0
    SLICE_X33Y55.G2      net (fanout=1)        0.399   N83
    SLICE_X33Y55.Y       Tilo                  0.704   inst_top_camera_monitoring/N0
                                                       inst_top_camera_monitoring/data_w_mux0000<7>11
    SLICE_X33Y55.F4      net (fanout=2)        0.044   inst_top_camera_monitoring/N7
    SLICE_X33Y55.X       Tilo                  0.704   inst_top_camera_monitoring/N0
                                                       inst_top_camera_monitoring/data_w_mux0000<7>12
    SLICE_X24Y54.G3      net (fanout=13)       0.651   inst_top_camera_monitoring/N0
    SLICE_X24Y54.Y       Tilo                  0.759   N79
                                                       inst_top_camera_monitoring/data_w_mux0000<14>_SW0
    SLICE_X25Y55.BY      net (fanout=1)        0.714   N81
    SLICE_X25Y55.CLK     Tsrck                 1.096   inst_top_camera_monitoring/data_w<1>
                                                       inst_top_camera_monitoring/data_w_1
    -------------------------------------------------  ---------------------------
    Total                                      8.054ns (4.619ns logic, 3.435ns route)
                                                       (57.4% logic, 42.6% route)

--------------------------------------------------------------------------------
Slack (setup path):     12.390ns (requirement - (data path - clock path skew + uncertainty))
  Source:               inst_top_camera_monitoring/p0_state_FSM_FFd4 (FF)
  Destination:          inst_top_camera_monitoring/data_w_1 (FF)
  Requirement:          20.000ns
  Data Path Delay:      7.598ns (Levels of Logic = 4)
  Clock Path Skew:      -0.012ns (0.099 - 0.111)
  Source Clock:         inst_top_camera_monitoring/clk_mc1_w rising at 0.000ns
  Destination Clock:    inst_top_camera_monitoring/clk_mc1_w rising at 20.000ns
  Clock Uncertainty:    0.000ns

  Maximum Data Path: inst_top_camera_monitoring/p0_state_FSM_FFd4 to inst_top_camera_monitoring/data_w_1
    Location             Delay type         Delay(ns)  Physical Resource
                                                       Logical Resource(s)
    -------------------------------------------------  -------------------
    SLICE_X39Y49.YQ      Tcko                  0.587   inst_top_camera_monitoring/p0_state_FSM_FFd4
                                                       inst_top_camera_monitoring/p0_state_FSM_FFd4
    SLICE_X35Y55.F1      net (fanout=16)       1.236   inst_top_camera_monitoring/p0_state_FSM_FFd4
    SLICE_X35Y55.X       Tilo                  0.704   N83
                                                       inst_top_camera_monitoring/data_w_mux0000<7>11_SW0
    SLICE_X33Y55.G2      net (fanout=1)        0.399   N83
    SLICE_X33Y55.Y       Tilo                  0.704   inst_top_camera_monitoring/N0
                                                       inst_top_camera_monitoring/data_w_mux0000<7>11
    SLICE_X33Y55.F4      net (fanout=2)        0.044   inst_top_camera_monitoring/N7
    SLICE_X33Y55.X       Tilo                  0.704   inst_top_camera_monitoring/N0
                                                       inst_top_camera_monitoring/data_w_mux0000<7>12
    SLICE_X24Y54.G3      net (fanout=13)       0.651   inst_top_camera_monitoring/N0
    SLICE_X24Y54.Y       Tilo                  0.759   N79
                                                       inst_top_camera_monitoring/data_w_mux0000<14>_SW0
    SLICE_X25Y55.BY      net (fanout=1)        0.714   N81
    SLICE_X25Y55.CLK     Tsrck                 1.096   inst_top_camera_monitoring/data_w<1>
                                                       inst_top_camera_monitoring/data_w_1
    -------------------------------------------------  ---------------------------
    Total                                      7.598ns (4.554ns logic, 3.044ns route)
                                                       (59.9% logic, 40.1% route)

--------------------------------------------------------------------------------

Paths for end point inst_top_camera_monitoring/data_w_8 (SLICE_X27Y56.BY), 14 paths
--------------------------------------------------------------------------------
Slack (setup path):     11.801ns (requirement - (data path - clock path skew + uncertainty))
  Source:               inst_top_camera_monitoring/p0_state_FSM_FFd2 (FF)
  Destination:          inst_top_camera_monitoring/data_w_8 (FF)
  Requirement:          20.000ns
  Data Path Delay:      8.199ns (Levels of Logic = 4)
  Clock Path Skew:      0.000ns
  Source Clock:         inst_top_camera_monitoring/clk_mc1_w rising at 0.000ns
  Destination Clock:    inst_top_camera_monitoring/clk_mc1_w rising at 20.000ns
  Clock Uncertainty:    0.000ns

  Maximum Data Path: inst_top_camera_monitoring/p0_state_FSM_FFd2 to inst_top_camera_monitoring/data_w_8
    Location             Delay type         Delay(ns)  Physical Resource
                                                       Logical Resource(s)
    -------------------------------------------------  -------------------
    SLICE_X26Y50.YQ      Tcko                  0.652   inst_top_camera_monitoring/p0_state_FSM_FFd2
                                                       inst_top_camera_monitoring/p0_state_FSM_FFd2
    SLICE_X35Y55.F3      net (fanout=17)       1.779   inst_top_camera_monitoring/p0_state_FSM_FFd2
    SLICE_X35Y55.X       Tilo                  0.704   N83
                                                       inst_top_camera_monitoring/data_w_mux0000<7>11_SW0
    SLICE_X33Y55.G2      net (fanout=1)        0.399   N83
    SLICE_X33Y55.Y       Tilo                  0.704   inst_top_camera_monitoring/N0
                                                       inst_top_camera_monitoring/data_w_mux0000<7>11
    SLICE_X33Y55.F4      net (fanout=2)        0.044   inst_top_camera_monitoring/N7
    SLICE_X33Y55.X       Tilo                  0.704   inst_top_camera_monitoring/N0
                                                       inst_top_camera_monitoring/data_w_mux0000<7>12
    SLICE_X27Y57.G2      net (fanout=13)       0.972   inst_top_camera_monitoring/N0
    SLICE_X27Y57.Y       Tilo                  0.704   N85
                                                       inst_top_camera_monitoring/data_w_mux0000<7>_SW0
    SLICE_X27Y56.BY      net (fanout=1)        0.441   N87
    SLICE_X27Y56.CLK     Tsrck                 1.096   inst_top_camera_monitoring/data_w<8>
                                                       inst_top_camera_monitoring/data_w_8
    -------------------------------------------------  ---------------------------
    Total                                      8.199ns (4.564ns logic, 3.635ns route)
                                                       (55.7% logic, 44.3% route)

--------------------------------------------------------------------------------
Slack (setup path):     11.953ns (requirement - (data path - clock path skew + uncertainty))
  Source:               inst_top_camera_monitoring/crbc_i0/state_0 (FF)
  Destination:          inst_top_camera_monitoring/data_w_8 (FF)
  Requirement:          20.000ns
  Data Path Delay:      8.047ns (Levels of Logic = 4)
  Clock Path Skew:      0.000ns
  Source Clock:         inst_top_camera_monitoring/clk_mc1 rising at 0.000ns
  Destination Clock:    inst_top_camera_monitoring/clk_mc1_w rising at 20.000ns
  Clock Uncertainty:    0.000ns

  Maximum Data Path: inst_top_camera_monitoring/crbc_i0/state_0 to inst_top_camera_monitoring/data_w_8
    Location             Delay type         Delay(ns)  Physical Resource
                                                       Logical Resource(s)
    -------------------------------------------------  -------------------
    SLICE_X30Y64.YQ      Tcko                  0.652   inst_top_camera_monitoring/crbc_i0/state<2>
                                                       inst_top_camera_monitoring/crbc_i0/state_0
    SLICE_X35Y55.F4      net (fanout=35)       1.627   inst_top_camera_monitoring/crbc_i0/state<0>
    SLICE_X35Y55.X       Tilo                  0.704   N83
                                                       inst_top_camera_monitoring/data_w_mux0000<7>11_SW0
    SLICE_X33Y55.G2      net (fanout=1)        0.399   N83
    SLICE_X33Y55.Y       Tilo                  0.704   inst_top_camera_monitoring/N0
                                                       inst_top_camera_monitoring/data_w_mux0000<7>11
    SLICE_X33Y55.F4      net (fanout=2)        0.044   inst_top_camera_monitoring/N7
    SLICE_X33Y55.X       Tilo                  0.704   inst_top_camera_monitoring/N0
                                                       inst_top_camera_monitoring/data_w_mux0000<7>12
    SLICE_X27Y57.G2      net (fanout=13)       0.972   inst_top_camera_monitoring/N0
    SLICE_X27Y57.Y       Tilo                  0.704   N85
                                                       inst_top_camera_monitoring/data_w_mux0000<7>_SW0
    SLICE_X27Y56.BY      net (fanout=1)        0.441   N87
    SLICE_X27Y56.CLK     Tsrck                 1.096   inst_top_camera_monitoring/data_w<8>
                                                       inst_top_camera_monitoring/data_w_8
    -------------------------------------------------  ---------------------------
    Total                                      8.047ns (4.564ns logic, 3.483ns route)
                                                       (56.7% logic, 43.3% route)

--------------------------------------------------------------------------------
Slack (setup path):     12.389ns (requirement - (data path - clock path skew + uncertainty))
  Source:               inst_top_camera_monitoring/p0_state_FSM_FFd4 (FF)
  Destination:          inst_top_camera_monitoring/data_w_8 (FF)
  Requirement:          20.000ns
  Data Path Delay:      7.591ns (Levels of Logic = 4)
  Clock Path Skew:      -0.020ns (0.091 - 0.111)
  Source Clock:         inst_top_camera_monitoring/clk_mc1_w rising at 0.000ns
  Destination Clock:    inst_top_camera_monitoring/clk_mc1_w rising at 20.000ns
  Clock Uncertainty:    0.000ns

  Maximum Data Path: inst_top_camera_monitoring/p0_state_FSM_FFd4 to inst_top_camera_monitoring/data_w_8
    Location             Delay type         Delay(ns)  Physical Resource
                                                       Logical Resource(s)
    -------------------------------------------------  -------------------
    SLICE_X39Y49.YQ      Tcko                  0.587   inst_top_camera_monitoring/p0_state_FSM_FFd4
                                                       inst_top_camera_monitoring/p0_state_FSM_FFd4
    SLICE_X35Y55.F1      net (fanout=16)       1.236   inst_top_camera_monitoring/p0_state_FSM_FFd4
    SLICE_X35Y55.X       Tilo                  0.704   N83
                                                       inst_top_camera_monitoring/data_w_mux0000<7>11_SW0
    SLICE_X33Y55.G2      net (fanout=1)        0.399   N83
    SLICE_X33Y55.Y       Tilo                  0.704   inst_top_camera_monitoring/N0
                                                       inst_top_camera_monitoring/data_w_mux0000<7>11
    SLICE_X33Y55.F4      net (fanout=2)        0.044   inst_top_camera_monitoring/N7
    SLICE_X33Y55.X       Tilo                  0.704   inst_top_camera_monitoring/N0
                                                       inst_top_camera_monitoring/data_w_mux0000<7>12
    SLICE_X27Y57.G2      net (fanout=13)       0.972   inst_top_camera_monitoring/N0
    SLICE_X27Y57.Y       Tilo                  0.704   N85
                                                       inst_top_camera_monitoring/data_w_mux0000<7>_SW0
    SLICE_X27Y56.BY      net (fanout=1)        0.441   N87
    SLICE_X27Y56.CLK     Tsrck                 1.096   inst_top_camera_monitoring/data_w<8>
                                                       inst_top_camera_monitoring/data_w_8
    -------------------------------------------------  ---------------------------
    Total                                      7.591ns (4.499ns logic, 3.092ns route)
                                                       (59.3% logic, 40.7% route)

--------------------------------------------------------------------------------

Paths for end point inst_top_camera_monitoring/data_w_6 (SLICE_X27Y59.BY), 14 paths
--------------------------------------------------------------------------------
Slack (setup path):     11.812ns (requirement - (data path - clock path skew + uncertainty))
  Source:               inst_top_camera_monitoring/p0_state_FSM_FFd2 (FF)
  Destination:          inst_top_camera_monitoring/data_w_6 (FF)
  Requirement:          20.000ns
  Data Path Delay:      8.188ns (Levels of Logic = 4)
  Clock Path Skew:      0.000ns
  Source Clock:         inst_top_camera_monitoring/clk_mc1_w rising at 0.000ns
  Destination Clock:    inst_top_camera_monitoring/clk_mc1_w rising at 20.000ns
  Clock Uncertainty:    0.000ns

  Maximum Data Path: inst_top_camera_monitoring/p0_state_FSM_FFd2 to inst_top_camera_monitoring/data_w_6
    Location             Delay type         Delay(ns)  Physical Resource
                                                       Logical Resource(s)
    -------------------------------------------------  -------------------
    SLICE_X26Y50.YQ      Tcko                  0.652   inst_top_camera_monitoring/p0_state_FSM_FFd2
                                                       inst_top_camera_monitoring/p0_state_FSM_FFd2
    SLICE_X35Y55.F3      net (fanout=17)       1.779   inst_top_camera_monitoring/p0_state_FSM_FFd2
    SLICE_X35Y55.X       Tilo                  0.704   N83
                                                       inst_top_camera_monitoring/data_w_mux0000<7>11_SW0
    SLICE_X33Y55.G2      net (fanout=1)        0.399   N83
    SLICE_X33Y55.Y       Tilo                  0.704   inst_top_camera_monitoring/N0
                                                       inst_top_camera_monitoring/data_w_mux0000<7>11
    SLICE_X33Y55.F4      net (fanout=2)        0.044   inst_top_camera_monitoring/N7
    SLICE_X33Y55.X       Tilo                  0.704   inst_top_camera_monitoring/N0
                                                       inst_top_camera_monitoring/data_w_mux0000<7>12
    SLICE_X27Y57.F2      net (fanout=13)       0.996   inst_top_camera_monitoring/N0
    SLICE_X27Y57.X       Tilo                  0.704   N85
                                                       inst_top_camera_monitoring/data_w_mux0000<9>_SW0
    SLICE_X27Y59.BY      net (fanout=1)        0.406   N85
    SLICE_X27Y59.CLK     Tsrck                 1.096   inst_top_camera_monitoring/data_w<6>
                                                       inst_top_camera_monitoring/data_w_6
    -------------------------------------------------  ---------------------------
    Total                                      8.188ns (4.564ns logic, 3.624ns route)
                                                       (55.7% logic, 44.3% route)

--------------------------------------------------------------------------------
Slack (setup path):     11.964ns (requirement - (data path - clock path skew + uncertainty))
  Source:               inst_top_camera_monitoring/crbc_i0/state_0 (FF)
  Destination:          inst_top_camera_monitoring/data_w_6 (FF)
  Requirement:          20.000ns
  Data Path Delay:      8.036ns (Levels of Logic = 4)
  Clock Path Skew:      0.000ns
  Source Clock:         inst_top_camera_monitoring/clk_mc1 rising at 0.000ns
  Destination Clock:    inst_top_camera_monitoring/clk_mc1_w rising at 20.000ns
  Clock Uncertainty:    0.000ns

  Maximum Data Path: inst_top_camera_monitoring/crbc_i0/state_0 to inst_top_camera_monitoring/data_w_6
    Location             Delay type         Delay(ns)  Physical Resource
                                                       Logical Resource(s)
    -------------------------------------------------  -------------------
    SLICE_X30Y64.YQ      Tcko                  0.652   inst_top_camera_monitoring/crbc_i0/state<2>
                                                       inst_top_camera_monitoring/crbc_i0/state_0
    SLICE_X35Y55.F4      net (fanout=35)       1.627   inst_top_camera_monitoring/crbc_i0/state<0>
    SLICE_X35Y55.X       Tilo                  0.704   N83
                                                       inst_top_camera_monitoring/data_w_mux0000<7>11_SW0
    SLICE_X33Y55.G2      net (fanout=1)        0.399   N83
    SLICE_X33Y55.Y       Tilo                  0.704   inst_top_camera_monitoring/N0
                                                       inst_top_camera_monitoring/data_w_mux0000<7>11
    SLICE_X33Y55.F4      net (fanout=2)        0.044   inst_top_camera_monitoring/N7
    SLICE_X33Y55.X       Tilo                  0.704   inst_top_camera_monitoring/N0
                                                       inst_top_camera_monitoring/data_w_mux0000<7>12
    SLICE_X27Y57.F2      net (fanout=13)       0.996   inst_top_camera_monitoring/N0
    SLICE_X27Y57.X       Tilo                  0.704   N85
                                                       inst_top_camera_monitoring/data_w_mux0000<9>_SW0
    SLICE_X27Y59.BY      net (fanout=1)        0.406   N85
    SLICE_X27Y59.CLK     Tsrck                 1.096   inst_top_camera_monitoring/data_w<6>
                                                       inst_top_camera_monitoring/data_w_6
    -------------------------------------------------  ---------------------------
    Total                                      8.036ns (4.564ns logic, 3.472ns route)
                                                       (56.8% logic, 43.2% route)

--------------------------------------------------------------------------------
Slack (setup path):     12.400ns (requirement - (data path - clock path skew + uncertainty))
  Source:               inst_top_camera_monitoring/p0_state_FSM_FFd4 (FF)
  Destination:          inst_top_camera_monitoring/data_w_6 (FF)
  Requirement:          20.000ns
  Data Path Delay:      7.580ns (Levels of Logic = 4)
  Clock Path Skew:      -0.020ns (0.091 - 0.111)
  Source Clock:         inst_top_camera_monitoring/clk_mc1_w rising at 0.000ns
  Destination Clock:    inst_top_camera_monitoring/clk_mc1_w rising at 20.000ns
  Clock Uncertainty:    0.000ns

  Maximum Data Path: inst_top_camera_monitoring/p0_state_FSM_FFd4 to inst_top_camera_monitoring/data_w_6
    Location             Delay type         Delay(ns)  Physical Resource
                                                       Logical Resource(s)
    -------------------------------------------------  -------------------
    SLICE_X39Y49.YQ      Tcko                  0.587   inst_top_camera_monitoring/p0_state_FSM_FFd4
                                                       inst_top_camera_monitoring/p0_state_FSM_FFd4
    SLICE_X35Y55.F1      net (fanout=16)       1.236   inst_top_camera_monitoring/p0_state_FSM_FFd4
    SLICE_X35Y55.X       Tilo                  0.704   N83
                                                       inst_top_camera_monitoring/data_w_mux0000<7>11_SW0
    SLICE_X33Y55.G2      net (fanout=1)        0.399   N83
    SLICE_X33Y55.Y       Tilo                  0.704   inst_top_camera_monitoring/N0
                                                       inst_top_camera_monitoring/data_w_mux0000<7>11
    SLICE_X33Y55.F4      net (fanout=2)        0.044   inst_top_camera_monitoring/N7
    SLICE_X33Y55.X       Tilo                  0.704   inst_top_camera_monitoring/N0
                                                       inst_top_camera_monitoring/data_w_mux0000<7>12
    SLICE_X27Y57.F2      net (fanout=13)       0.996   inst_top_camera_monitoring/N0
    SLICE_X27Y57.X       Tilo                  0.704   N85
                                                       inst_top_camera_monitoring/data_w_mux0000<9>_SW0
    SLICE_X27Y59.BY      net (fanout=1)        0.406   N85
    SLICE_X27Y59.CLK     Tsrck                 1.096   inst_top_camera_monitoring/data_w<6>
                                                       inst_top_camera_monitoring/data_w_6
    -------------------------------------------------  ---------------------------
    Total                                      7.580ns (4.499ns logic, 3.081ns route)
                                                       (59.4% logic, 40.6% route)

--------------------------------------------------------------------------------

Hold Paths: TS_inst_top_camera_monitoring_clk_mc1_w1 = PERIOD TIMEGRP
        "inst_top_camera_monitoring_clk_mc1_w1"
        TS_inst_top_camera_monitoring_clk1 / 0.5 HIGH 50%;
--------------------------------------------------------------------------------

Paths for end point inst_top_camera_monitoring/p0_state_FSM_FFd1 (SLICE_X31Y54.G4), 1 path
--------------------------------------------------------------------------------
Slack (hold path):      0.842ns (requirement - (clock path skew + uncertainty - data path))
  Source:               inst_top_camera_monitoring/crbc_i0/state_0 (FF)
  Destination:          inst_top_camera_monitoring/p0_state_FSM_FFd1 (FF)
  Requirement:          0.000ns
  Data Path Delay:      2.317ns (Levels of Logic = 1)
  Clock Path Skew:      1.475ns (4.334 - 2.859)
  Source Clock:         inst_top_camera_monitoring/clk_mc1 rising at 20.000ns
  Destination Clock:    inst_top_camera_monitoring/clk_mc1_w rising at 20.000ns
  Clock Uncertainty:    0.000ns

  Minimum Data Path: inst_top_camera_monitoring/crbc_i0/state_0 to inst_top_camera_monitoring/p0_state_FSM_FFd1
    Location             Delay type         Delay(ns)  Physical Resource
                                                       Logical Resource(s)
    -------------------------------------------------  -------------------
    SLICE_X30Y64.YQ      Tcko                  0.522   inst_top_camera_monitoring/crbc_i0/state<2>
                                                       inst_top_camera_monitoring/crbc_i0/state_0
    SLICE_X31Y54.G4      net (fanout=35)       1.022   inst_top_camera_monitoring/crbc_i0/state<0>
    SLICE_X31Y54.CLK     Tckg        (-Th)    -0.773   inst_top_camera_monitoring/p0_state_FSM_FFd1
                                                       inst_top_camera_monitoring/p0_state_FSM_FFd1-In1
                                                       inst_top_camera_monitoring/p0_state_FSM_FFd1-In_f5
                                                       inst_top_camera_monitoring/p0_state_FSM_FFd1
    -------------------------------------------------  ---------------------------
    Total                                      2.317ns (1.295ns logic, 1.022ns route)
                                                       (55.9% logic, 44.1% route)

--------------------------------------------------------------------------------

Paths for end point inst_top_camera_monitoring/id_w_3 (SLICE_X19Y51.CE), 1 path
--------------------------------------------------------------------------------
Slack (hold path):      0.992ns (requirement - (clock path skew + uncertainty - data path))
  Source:               inst_top_camera_monitoring/crbc_i0/state_0 (FF)
  Destination:          inst_top_camera_monitoring/id_w_3 (FF)
  Requirement:          0.000ns
  Data Path Delay:      2.497ns (Levels of Logic = 0)
  Clock Path Skew:      1.505ns (4.364 - 2.859)
  Source Clock:         inst_top_camera_monitoring/clk_mc1 rising at 20.000ns
  Destination Clock:    inst_top_camera_monitoring/clk_mc1_w rising at 20.000ns
  Clock Uncertainty:    0.000ns

  Minimum Data Path: inst_top_camera_monitoring/crbc_i0/state_0 to inst_top_camera_monitoring/id_w_3
    Location             Delay type         Delay(ns)  Physical Resource
                                                       Logical Resource(s)
    -------------------------------------------------  -------------------
    SLICE_X30Y64.YQ      Tcko                  0.522   inst_top_camera_monitoring/crbc_i0/state<2>
                                                       inst_top_camera_monitoring/crbc_i0/state_0
    SLICE_X19Y51.CE      net (fanout=35)       1.906   inst_top_camera_monitoring/crbc_i0/state<0>
    SLICE_X19Y51.CLK     Tckce       (-Th)    -0.069   inst_top_camera_monitoring/id_w<3>
                                                       inst_top_camera_monitoring/id_w_3
    -------------------------------------------------  ---------------------------
    Total                                      2.497ns (0.591ns logic, 1.906ns route)
                                                       (23.7% logic, 76.3% route)

--------------------------------------------------------------------------------

Paths for end point inst_top_camera_monitoring/p0_state_FSM_FFd2 (SLICE_X26Y50.G3), 1 path
--------------------------------------------------------------------------------
Slack (hold path):      1.115ns (requirement - (clock path skew + uncertainty - data path))
  Source:               inst_top_camera_monitoring/crbc_i0/state_0 (FF)
  Destination:          inst_top_camera_monitoring/p0_state_FSM_FFd2 (FF)
  Requirement:          0.000ns
  Data Path Delay:      2.585ns (Levels of Logic = 1)
  Clock Path Skew:      1.470ns (4.329 - 2.859)
  Source Clock:         inst_top_camera_monitoring/clk_mc1 rising at 20.000ns
  Destination Clock:    inst_top_camera_monitoring/clk_mc1_w rising at 20.000ns
  Clock Uncertainty:    0.000ns

  Minimum Data Path: inst_top_camera_monitoring/crbc_i0/state_0 to inst_top_camera_monitoring/p0_state_FSM_FFd2
    Location             Delay type         Delay(ns)  Physical Resource
                                                       Logical Resource(s)
    -------------------------------------------------  -------------------
    SLICE_X30Y64.YQ      Tcko                  0.522   inst_top_camera_monitoring/crbc_i0/state<2>
                                                       inst_top_camera_monitoring/crbc_i0/state_0
    SLICE_X26Y50.G3      net (fanout=35)       1.503   inst_top_camera_monitoring/crbc_i0/state<0>
    SLICE_X26Y50.CLK     Tckg        (-Th)    -0.560   inst_top_camera_monitoring/p0_state_FSM_FFd2
                                                       inst_top_camera_monitoring/p0_state_FSM_FFd2-In11
                                                       inst_top_camera_monitoring/p0_state_FSM_FFd2
    -------------------------------------------------  ---------------------------
    Total                                      2.585ns (1.082ns logic, 1.503ns route)
                                                       (41.9% logic, 58.1% route)

--------------------------------------------------------------------------------

Component Switching Limit Checks: TS_inst_top_camera_monitoring_clk_mc1_w1 = PERIOD TIMEGRP
        "inst_top_camera_monitoring_clk_mc1_w1"
        TS_inst_top_camera_monitoring_clk1 / 0.5 HIGH 50%;
--------------------------------------------------------------------------------
Slack: 18.348ns (period - (min low pulse limit / (low pulse / period)))
  Period: 20.000ns
  Low pulse: 10.000ns
  Low pulse limit: 0.826ns (Tcl)
  Physical resource: inst_top_camera_monitoring/p0_state_FSM_FFd3/CLK
  Logical resource: inst_top_camera_monitoring/p0_state_FSM_FFd3/CK
  Location pin: SLICE_X38Y48.CLK
  Clock network: inst_top_camera_monitoring/clk_mc1_w
--------------------------------------------------------------------------------
Slack: 18.348ns (period - (min high pulse limit / (high pulse / period)))
  Period: 20.000ns
  High pulse: 10.000ns
  High pulse limit: 0.826ns (Tch)
  Physical resource: inst_top_camera_monitoring/p0_state_FSM_FFd3/CLK
  Logical resource: inst_top_camera_monitoring/p0_state_FSM_FFd3/CK
  Location pin: SLICE_X38Y48.CLK
  Clock network: inst_top_camera_monitoring/clk_mc1_w
--------------------------------------------------------------------------------
Slack: 18.348ns (period - min period limit)
  Period: 20.000ns
  Min period limit: 1.652ns (605.327MHz) (Tcp)
  Physical resource: inst_top_camera_monitoring/p0_state_FSM_FFd3/CLK
  Logical resource: inst_top_camera_monitoring/p0_state_FSM_FFd3/CK
  Location pin: SLICE_X38Y48.CLK
  Clock network: inst_top_camera_monitoring/clk_mc1_w
--------------------------------------------------------------------------------

================================================================================
Timing constraint: TS_inst_top_camera_monitoring_clk_mc11 = PERIOD TIMEGRP      
   "inst_top_camera_monitoring_clk_mc11"         
TS_inst_top_camera_monitoring_clk1 / 0.5 HIGH 50%;
For more information, see Period Analysis in the Timing Closure User Guide (UG612).

 9968 paths analyzed, 816 endpoints analyzed, 0 failing endpoints
 0 timing errors detected. (0 setup errors, 0 hold errors, 0 component switching limit errors)
 Minimum period is  17.948ns.
--------------------------------------------------------------------------------

Paths for end point inst_top_camera_monitoring/dq_oo_14 (R3.O1), 17 paths
--------------------------------------------------------------------------------
Slack (setup path):     1.026ns (requirement - (data path - clock path skew + uncertainty))
  Source:               inst_top_camera_monitoring/crbc_i0/write_buffer_i0/Mram_RAM2.B (RAM)
  Destination:          inst_top_camera_monitoring/dq_oo_14 (FF)
  Requirement:          10.000ns
  Data Path Delay:      8.974ns (Levels of Logic = 1)
  Clock Path Skew:      0.000ns
  Source Clock:         inst_top_camera_monitoring/clk_mc1 falling at 10.000ns
  Destination Clock:    inst_top_camera_monitoring/clk_mc1 rising at 20.000ns
  Clock Uncertainty:    0.000ns

  Maximum Data Path: inst_top_camera_monitoring/crbc_i0/write_buffer_i0/Mram_RAM2.B to inst_top_camera_monitoring/dq_oo_14
    Location             Delay type         Delay(ns)  Physical Resource
                                                       Logical Resource(s)
    -------------------------------------------------  -------------------
    RAMB16_X1Y5.DOB5     Tbcko                 2.812   inst_top_camera_monitoring/crbc_i0/write_buffer_i0/Mram_RAM2
                                                       inst_top_camera_monitoring/crbc_i0/write_buffer_i0/Mram_RAM2.B
    SLICE_X2Y41.F3       net (fanout=1)        2.918   inst_top_camera_monitoring/crbc_i0/source_data<14>
    SLICE_X2Y41.X        Tilo                  0.759   inst_top_camera_monitoring/dq_o<14>
                                                       inst_top_camera_monitoring/crbc_i0/dq_o<14>1
    R3.O1                net (fanout=1)        1.801   inst_top_camera_monitoring/dq_o<14>
    R3.OTCLK1            Tioock                0.684   dq<14>
                                                       inst_top_camera_monitoring/dq_oo_14
    -------------------------------------------------  ---------------------------
    Total                                      8.974ns (4.255ns logic, 4.719ns route)
                                                       (47.4% logic, 52.6% route)

--------------------------------------------------------------------------------
Slack (setup path):     12.133ns (requirement - (data path - clock path skew + uncertainty))
  Source:               inst_top_camera_monitoring/crbc_i0/data_out_enable_i_0 (FF)
  Destination:          inst_top_camera_monitoring/dq_oo_14 (FF)
  Requirement:          20.000ns
  Data Path Delay:      7.867ns (Levels of Logic = 3)
  Clock Path Skew:      0.000ns
  Source Clock:         inst_top_camera_monitoring/clk_mc1 rising at 0.000ns
  Destination Clock:    inst_top_camera_monitoring/clk_mc1 rising at 20.000ns
  Clock Uncertainty:    0.000ns

  Maximum Data Path: inst_top_camera_monitoring/crbc_i0/data_out_enable_i_0 to inst_top_camera_monitoring/dq_oo_14
    Location             Delay type         Delay(ns)  Physical Resource
                                                       Logical Resource(s)
    -------------------------------------------------  -------------------
    SLICE_X15Y26.YQ      Tcko                  0.587   inst_top_camera_monitoring/crbc_i0/data_out_enable_i<1>
                                                       inst_top_camera_monitoring/crbc_i0/data_out_enable_i_0
    SLICE_X20Y26.F1      net (fanout=3)        1.087   inst_top_camera_monitoring/crbc_i0/data_out_enable_i<0>
    SLICE_X20Y26.X       Tilo                  0.759   inst_top_camera_monitoring/crbc_i0/dq_o_cmp_eq00009
                                                       inst_top_camera_monitoring/crbc_i0/dq_o_cmp_eq00009
    SLICE_X3Y40.G1       net (fanout=1)        1.311   inst_top_camera_monitoring/crbc_i0/dq_o_cmp_eq00009
    SLICE_X3Y40.Y        Tilo                  0.704   inst_top_camera_monitoring/dq_o<9>
                                                       inst_top_camera_monitoring/crbc_i0/dq_o_cmp_eq000036
    SLICE_X2Y41.F2       net (fanout=16)       0.175   inst_top_camera_monitoring/crbc_i0/dq_o_cmp_eq0000
    SLICE_X2Y41.X        Tilo                  0.759   inst_top_camera_monitoring/dq_o<14>
                                                       inst_top_camera_monitoring/crbc_i0/dq_o<14>1
    R3.O1                net (fanout=1)        1.801   inst_top_camera_monitoring/dq_o<14>
    R3.OTCLK1            Tioock                0.684   dq<14>
                                                       inst_top_camera_monitoring/dq_oo_14
    -------------------------------------------------  ---------------------------
    Total                                      7.867ns (3.493ns logic, 4.374ns route)
                                                       (44.4% logic, 55.6% route)

--------------------------------------------------------------------------------
Slack (setup path):     12.135ns (requirement - (data path - clock path skew + uncertainty))
  Source:               inst_top_camera_monitoring/crbc_i0/data_out_enable_i_2 (FF)
  Destination:          inst_top_camera_monitoring/dq_oo_14 (FF)
  Requirement:          20.000ns
  Data Path Delay:      7.865ns (Levels of Logic = 3)
  Clock Path Skew:      0.000ns
  Source Clock:         inst_top_camera_monitoring/clk_mc1 rising at 0.000ns
  Destination Clock:    inst_top_camera_monitoring/clk_mc1 rising at 20.000ns
  Clock Uncertainty:    0.000ns

  Maximum Data Path: inst_top_camera_monitoring/crbc_i0/data_out_enable_i_2 to inst_top_camera_monitoring/dq_oo_14
    Location             Delay type         Delay(ns)  Physical Resource
                                                       Logical Resource(s)
    -------------------------------------------------  -------------------
    SLICE_X13Y23.YQ      Tcko                  0.587   inst_top_camera_monitoring/crbc_i0/data_out_enable_i<3>
                                                       inst_top_camera_monitoring/crbc_i0/data_out_enable_i_2
    SLICE_X20Y26.F2      net (fanout=3)        1.085   inst_top_camera_monitoring/crbc_i0/data_out_enable_i<2>
    SLICE_X20Y26.X       Tilo                  0.759   inst_top_camera_monitoring/crbc_i0/dq_o_cmp_eq00009
                                                       inst_top_camera_monitoring/crbc_i0/dq_o_cmp_eq00009
    SLICE_X3Y40.G1       net (fanout=1)        1.311   inst_top_camera_monitoring/crbc_i0/dq_o_cmp_eq00009
    SLICE_X3Y40.Y        Tilo                  0.704   inst_top_camera_monitoring/dq_o<9>
                                                       inst_top_camera_monitoring/crbc_i0/dq_o_cmp_eq000036
    SLICE_X2Y41.F2       net (fanout=16)       0.175   inst_top_camera_monitoring/crbc_i0/dq_o_cmp_eq0000
    SLICE_X2Y41.X        Tilo                  0.759   inst_top_camera_monitoring/dq_o<14>
                                                       inst_top_camera_monitoring/crbc_i0/dq_o<14>1
    R3.O1                net (fanout=1)        1.801   inst_top_camera_monitoring/dq_o<14>
    R3.OTCLK1            Tioock                0.684   dq<14>
                                                       inst_top_camera_monitoring/dq_oo_14
    -------------------------------------------------  ---------------------------
    Total                                      7.865ns (3.493ns logic, 4.372ns route)
                                                       (44.4% logic, 55.6% route)

--------------------------------------------------------------------------------

Paths for end point inst_top_camera_monitoring/dq_oo_15 (T1.O1), 17 paths
--------------------------------------------------------------------------------
Slack (setup path):     1.220ns (requirement - (data path - clock path skew + uncertainty))
  Source:               inst_top_camera_monitoring/crbc_i0/write_buffer_i0/Mram_RAM2.B (RAM)
  Destination:          inst_top_camera_monitoring/dq_oo_15 (FF)
  Requirement:          10.000ns
  Data Path Delay:      8.780ns (Levels of Logic = 1)
  Clock Path Skew:      0.000ns
  Source Clock:         inst_top_camera_monitoring/clk_mc1 falling at 10.000ns
  Destination Clock:    inst_top_camera_monitoring/clk_mc1 rising at 20.000ns
  Clock Uncertainty:    0.000ns

  Maximum Data Path: inst_top_camera_monitoring/crbc_i0/write_buffer_i0/Mram_RAM2.B to inst_top_camera_monitoring/dq_oo_15
    Location             Delay type         Delay(ns)  Physical Resource
                                                       Logical Resource(s)
    -------------------------------------------------  -------------------
    RAMB16_X1Y5.DOB6     Tbcko                 2.812   inst_top_camera_monitoring/crbc_i0/write_buffer_i0/Mram_RAM2
                                                       inst_top_camera_monitoring/crbc_i0/write_buffer_i0/Mram_RAM2.B
    SLICE_X1Y39.G4       net (fanout=1)        3.243   inst_top_camera_monitoring/crbc_i0/source_data<15>
    SLICE_X1Y39.Y        Tilo                  0.704   inst_top_camera_monitoring/dq_o<1>
                                                       inst_top_camera_monitoring/crbc_i0/dq_o<15>1
    T1.O1                net (fanout=1)        1.337   inst_top_camera_monitoring/dq_o<15>
    T1.OTCLK1            Tioock                0.684   dq<15>
                                                       inst_top_camera_monitoring/dq_oo_15
    -------------------------------------------------  ---------------------------
    Total                                      8.780ns (4.200ns logic, 4.580ns route)
                                                       (47.8% logic, 52.2% route)

--------------------------------------------------------------------------------
Slack (setup path):     11.889ns (requirement - (data path - clock path skew + uncertainty))
  Source:               inst_top_camera_monitoring/crbc_i0/data_out_enable_i_0 (FF)
  Destination:          inst_top_camera_monitoring/dq_oo_15 (FF)
  Requirement:          20.000ns
  Data Path Delay:      8.111ns (Levels of Logic = 3)
  Clock Path Skew:      0.000ns
  Source Clock:         inst_top_camera_monitoring/clk_mc1 rising at 0.000ns
  Destination Clock:    inst_top_camera_monitoring/clk_mc1 rising at 20.000ns
  Clock Uncertainty:    0.000ns

  Maximum Data Path: inst_top_camera_monitoring/crbc_i0/data_out_enable_i_0 to inst_top_camera_monitoring/dq_oo_15
    Location             Delay type         Delay(ns)  Physical Resource
                                                       Logical Resource(s)
    -------------------------------------------------  -------------------
    SLICE_X15Y26.YQ      Tcko                  0.587   inst_top_camera_monitoring/crbc_i0/data_out_enable_i<1>
                                                       inst_top_camera_monitoring/crbc_i0/data_out_enable_i_0
    SLICE_X20Y26.F1      net (fanout=3)        1.087   inst_top_camera_monitoring/crbc_i0/data_out_enable_i<0>
    SLICE_X20Y26.X       Tilo                  0.759   inst_top_camera_monitoring/crbc_i0/dq_o_cmp_eq00009
                                                       inst_top_camera_monitoring/crbc_i0/dq_o_cmp_eq00009
    SLICE_X3Y40.G1       net (fanout=1)        1.311   inst_top_camera_monitoring/crbc_i0/dq_o_cmp_eq00009
    SLICE_X3Y40.Y        Tilo                  0.704   inst_top_camera_monitoring/dq_o<9>
                                                       inst_top_camera_monitoring/crbc_i0/dq_o_cmp_eq000036
    SLICE_X1Y39.G2       net (fanout=16)       0.938   inst_top_camera_monitoring/crbc_i0/dq_o_cmp_eq0000
    SLICE_X1Y39.Y        Tilo                  0.704   inst_top_camera_monitoring/dq_o<1>
                                                       inst_top_camera_monitoring/crbc_i0/dq_o<15>1
    T1.O1                net (fanout=1)        1.337   inst_top_camera_monitoring/dq_o<15>
    T1.OTCLK1            Tioock                0.684   dq<15>
                                                       inst_top_camera_monitoring/dq_oo_15
    -------------------------------------------------  ---------------------------
    Total                                      8.111ns (3.438ns logic, 4.673ns route)
                                                       (42.4% logic, 57.6% route)

--------------------------------------------------------------------------------
Slack (setup path):     11.891ns (requirement - (data path - clock path skew + uncertainty))
  Source:               inst_top_camera_monitoring/crbc_i0/data_out_enable_i_2 (FF)
  Destination:          inst_top_camera_monitoring/dq_oo_15 (FF)
  Requirement:          20.000ns
  Data Path Delay:      8.109ns (Levels of Logic = 3)
  Clock Path Skew:      0.000ns
  Source Clock:         inst_top_camera_monitoring/clk_mc1 rising at 0.000ns
  Destination Clock:    inst_top_camera_monitoring/clk_mc1 rising at 20.000ns
  Clock Uncertainty:    0.000ns

  Maximum Data Path: inst_top_camera_monitoring/crbc_i0/data_out_enable_i_2 to inst_top_camera_monitoring/dq_oo_15
    Location             Delay type         Delay(ns)  Physical Resource
                                                       Logical Resource(s)
    -------------------------------------------------  -------------------
    SLICE_X13Y23.YQ      Tcko                  0.587   inst_top_camera_monitoring/crbc_i0/data_out_enable_i<3>
                                                       inst_top_camera_monitoring/crbc_i0/data_out_enable_i_2
    SLICE_X20Y26.F2      net (fanout=3)        1.085   inst_top_camera_monitoring/crbc_i0/data_out_enable_i<2>
    SLICE_X20Y26.X       Tilo                  0.759   inst_top_camera_monitoring/crbc_i0/dq_o_cmp_eq00009
                                                       inst_top_camera_monitoring/crbc_i0/dq_o_cmp_eq00009
    SLICE_X3Y40.G1       net (fanout=1)        1.311   inst_top_camera_monitoring/crbc_i0/dq_o_cmp_eq00009
    SLICE_X3Y40.Y        Tilo                  0.704   inst_top_camera_monitoring/dq_o<9>
                                                       inst_top_camera_monitoring/crbc_i0/dq_o_cmp_eq000036
    SLICE_X1Y39.G2       net (fanout=16)       0.938   inst_top_camera_monitoring/crbc_i0/dq_o_cmp_eq0000
    SLICE_X1Y39.Y        Tilo                  0.704   inst_top_camera_monitoring/dq_o<1>
                                                       inst_top_camera_monitoring/crbc_i0/dq_o<15>1
    T1.O1                net (fanout=1)        1.337   inst_top_camera_monitoring/dq_o<15>
    T1.OTCLK1            Tioock                0.684   dq<15>
                                                       inst_top_camera_monitoring/dq_oo_15
    -------------------------------------------------  ---------------------------
    Total                                      8.109ns (3.438ns logic, 4.671ns route)
                                                       (42.4% logic, 57.6% route)

--------------------------------------------------------------------------------

Paths for end point inst_top_camera_monitoring/dq_oo_7 (R2.O1), 17 paths
--------------------------------------------------------------------------------
Slack (setup path):     1.408ns (requirement - (data path - clock path skew + uncertainty))
  Source:               inst_top_camera_monitoring/crbc_i0/write_buffer_i0/Mram_RAM1.B (RAM)
  Destination:          inst_top_camera_monitoring/dq_oo_7 (FF)
  Requirement:          10.000ns
  Data Path Delay:      8.592ns (Levels of Logic = 1)
  Clock Path Skew:      0.000ns
  Source Clock:         inst_top_camera_monitoring/clk_mc1 falling at 10.000ns
  Destination Clock:    inst_top_camera_monitoring/clk_mc1 rising at 20.000ns
  Clock Uncertainty:    0.000ns

  Maximum Data Path: inst_top_camera_monitoring/crbc_i0/write_buffer_i0/Mram_RAM1.B to inst_top_camera_monitoring/dq_oo_7
    Location             Delay type         Delay(ns)  Physical Resource
                                                       Logical Resource(s)
    -------------------------------------------------  -------------------
    RAMB16_X1Y4.DOB7     Tbcko                 2.812   inst_top_camera_monitoring/crbc_i0/write_buffer_i0/Mram_RAM1
                                                       inst_top_camera_monitoring/crbc_i0/write_buffer_i0/Mram_RAM1.B
    SLICE_X0Y24.F3       net (fanout=1)        3.186   inst_top_camera_monitoring/crbc_i0/source_data<7>
    SLICE_X0Y24.X        Tilo                  0.759   inst_top_camera_monitoring/dq_o<7>
                                                       inst_top_camera_monitoring/crbc_i0/dq_o<7>1
    R2.O1                net (fanout=1)        1.151   inst_top_camera_monitoring/dq_o<7>
    R2.OTCLK1            Tioock                0.684   dq<7>
                                                       inst_top_camera_monitoring/dq_oo_7
    -------------------------------------------------  ---------------------------
    Total                                      8.592ns (4.255ns logic, 4.337ns route)
                                                       (49.5% logic, 50.5% route)

--------------------------------------------------------------------------------
Slack (setup path):     11.315ns (requirement - (data path - clock path skew + uncertainty))
  Source:               inst_top_camera_monitoring/crbc_i0/data_out_enable_i_0 (FF)
  Destination:          inst_top_camera_monitoring/dq_oo_7 (FF)
  Requirement:          20.000ns
  Data Path Delay:      8.685ns (Levels of Logic = 3)
  Clock Path Skew:      0.000ns
  Source Clock:         inst_top_camera_monitoring/clk_mc1 rising at 0.000ns
  Destination Clock:    inst_top_camera_monitoring/clk_mc1 rising at 20.000ns
  Clock Uncertainty:    0.000ns

  Maximum Data Path: inst_top_camera_monitoring/crbc_i0/data_out_enable_i_0 to inst_top_camera_monitoring/dq_oo_7
    Location             Delay type         Delay(ns)  Physical Resource
                                                       Logical Resource(s)
    -------------------------------------------------  -------------------
    SLICE_X15Y26.YQ      Tcko                  0.587   inst_top_camera_monitoring/crbc_i0/data_out_enable_i<1>
                                                       inst_top_camera_monitoring/crbc_i0/data_out_enable_i_0
    SLICE_X20Y26.F1      net (fanout=3)        1.087   inst_top_camera_monitoring/crbc_i0/data_out_enable_i<0>
    SLICE_X20Y26.X       Tilo                  0.759   inst_top_camera_monitoring/crbc_i0/dq_o_cmp_eq00009
                                                       inst_top_camera_monitoring/crbc_i0/dq_o_cmp_eq00009
    SLICE_X3Y40.G1       net (fanout=1)        1.311   inst_top_camera_monitoring/crbc_i0/dq_o_cmp_eq00009
    SLICE_X3Y40.Y        Tilo                  0.704   inst_top_camera_monitoring/dq_o<9>
                                                       inst_top_camera_monitoring/crbc_i0/dq_o_cmp_eq000036
    SLICE_X0Y24.F2       net (fanout=16)       1.643   inst_top_camera_monitoring/crbc_i0/dq_o_cmp_eq0000
    SLICE_X0Y24.X        Tilo                  0.759   inst_top_camera_monitoring/dq_o<7>
                                                       inst_top_camera_monitoring/crbc_i0/dq_o<7>1
    R2.O1                net (fanout=1)        1.151   inst_top_camera_monitoring/dq_o<7>
    R2.OTCLK1            Tioock                0.684   dq<7>
                                                       inst_top_camera_monitoring/dq_oo_7
    -------------------------------------------------  ---------------------------
    Total                                      8.685ns (3.493ns logic, 5.192ns route)
                                                       (40.2% logic, 59.8% route)

--------------------------------------------------------------------------------
Slack (setup path):     11.317ns (requirement - (data path - clock path skew + uncertainty))
  Source:               inst_top_camera_monitoring/crbc_i0/data_out_enable_i_2 (FF)
  Destination:          inst_top_camera_monitoring/dq_oo_7 (FF)
  Requirement:          20.000ns
  Data Path Delay:      8.683ns (Levels of Logic = 3)
  Clock Path Skew:      0.000ns
  Source Clock:         inst_top_camera_monitoring/clk_mc1 rising at 0.000ns
  Destination Clock:    inst_top_camera_monitoring/clk_mc1 rising at 20.000ns
  Clock Uncertainty:    0.000ns

  Maximum Data Path: inst_top_camera_monitoring/crbc_i0/data_out_enable_i_2 to inst_top_camera_monitoring/dq_oo_7
    Location             Delay type         Delay(ns)  Physical Resource
                                                       Logical Resource(s)
    -------------------------------------------------  -------------------
    SLICE_X13Y23.YQ      Tcko                  0.587   inst_top_camera_monitoring/crbc_i0/data_out_enable_i<3>
                                                       inst_top_camera_monitoring/crbc_i0/data_out_enable_i_2
    SLICE_X20Y26.F2      net (fanout=3)        1.085   inst_top_camera_monitoring/crbc_i0/data_out_enable_i<2>
    SLICE_X20Y26.X       Tilo                  0.759   inst_top_camera_monitoring/crbc_i0/dq_o_cmp_eq00009
                                                       inst_top_camera_monitoring/crbc_i0/dq_o_cmp_eq00009
    SLICE_X3Y40.G1       net (fanout=1)        1.311   inst_top_camera_monitoring/crbc_i0/dq_o_cmp_eq00009
    SLICE_X3Y40.Y        Tilo                  0.704   inst_top_camera_monitoring/dq_o<9>
                                                       inst_top_camera_monitoring/crbc_i0/dq_o_cmp_eq000036
    SLICE_X0Y24.F2       net (fanout=16)       1.643   inst_top_camera_monitoring/crbc_i0/dq_o_cmp_eq0000
    SLICE_X0Y24.X        Tilo                  0.759   inst_top_camera_monitoring/dq_o<7>
                                                       inst_top_camera_monitoring/crbc_i0/dq_o<7>1
    R2.O1                net (fanout=1)        1.151   inst_top_camera_monitoring/dq_o<7>
    R2.OTCLK1            Tioock                0.684   dq<7>
                                                       inst_top_camera_monitoring/dq_oo_7
    -------------------------------------------------  ---------------------------
    Total                                      8.683ns (3.493ns logic, 5.190ns route)
                                                       (40.2% logic, 59.8% route)

--------------------------------------------------------------------------------

Hold Paths: TS_inst_top_camera_monitoring_clk_mc11 = PERIOD TIMEGRP
        "inst_top_camera_monitoring_clk_mc11"
        TS_inst_top_camera_monitoring_clk1 / 0.5 HIGH 50%;
--------------------------------------------------------------------------------

Paths for end point inst_top_camera_monitoring/crbc_i0/burst_read_addr_0 (SLICE_X14Y55.G2), 1 path
--------------------------------------------------------------------------------
Slack (hold path):      0.133ns (requirement - (clock path skew + uncertainty - data path))
  Source:               inst_top_camera_monitoring/data_r_0 (FF)
  Destination:          inst_top_camera_monitoring/crbc_i0/burst_read_addr_0 (FF)
  Requirement:          0.000ns
  Data Path Delay:      2.088ns (Levels of Logic = 1)
  Clock Path Skew:      1.955ns (2.926 - 0.971)
  Source Clock:         inst_top_camera_monitoring/clk_mc1_r rising at 20.000ns
  Destination Clock:    inst_top_camera_monitoring/clk_mc1 rising at 20.000ns
  Clock Uncertainty:    0.000ns

  Minimum Data Path: inst_top_camera_monitoring/data_r_0 to inst_top_camera_monitoring/crbc_i0/burst_read_addr_0
    Location             Delay type         Delay(ns)  Physical Resource
                                                       Logical Resource(s)
    -------------------------------------------------  -------------------
    SLICE_X21Y45.XQ      Tcko                  0.473   inst_top_camera_monitoring/data_r<0>
                                                       inst_top_camera_monitoring/data_r_0
    SLICE_X14Y55.G2      net (fanout=2)        1.055   inst_top_camera_monitoring/data_r<0>
    SLICE_X14Y55.CLK     Tckg        (-Th)    -0.560   inst_top_camera_monitoring/crbc_i0/burst_read_addr<1>
                                                       inst_top_camera_monitoring/data<0>2
                                                       inst_top_camera_monitoring/crbc_i0/burst_read_addr_0
    -------------------------------------------------  ---------------------------
    Total                                      2.088ns (1.033ns logic, 1.055ns route)
                                                       (49.5% logic, 50.5% route)

--------------------------------------------------------------------------------

Paths for end point inst_top_camera_monitoring/crbc_i0/burst_read_addr_1 (SLICE_X14Y55.F3), 1 path
--------------------------------------------------------------------------------
Slack (hold path):      0.244ns (requirement - (clock path skew + uncertainty - data path))
  Source:               inst_top_camera_monitoring/data_r_1 (FF)
  Destination:          inst_top_camera_monitoring/crbc_i0/burst_read_addr_1 (FF)
  Requirement:          0.000ns
  Data Path Delay:      2.199ns (Levels of Logic = 1)
  Clock Path Skew:      1.955ns (2.926 - 0.971)
  Source Clock:         inst_top_camera_monitoring/clk_mc1_r rising at 20.000ns
  Destination Clock:    inst_top_camera_monitoring/clk_mc1 rising at 20.000ns
  Clock Uncertainty:    0.000ns

  Minimum Data Path: inst_top_camera_monitoring/data_r_1 to inst_top_camera_monitoring/crbc_i0/burst_read_addr_1
    Location             Delay type         Delay(ns)  Physical Resource
                                                       Logical Resource(s)
    -------------------------------------------------  -------------------
    SLICE_X20Y44.XQ      Tcko                  0.474   inst_top_camera_monitoring/data_r<1>
                                                       inst_top_camera_monitoring/data_r_1
    SLICE_X14Y55.F3      net (fanout=2)        1.165   inst_top_camera_monitoring/data_r<1>
    SLICE_X14Y55.CLK     Tckf        (-Th)    -0.560   inst_top_camera_monitoring/crbc_i0/burst_read_addr<1>
                                                       inst_top_camera_monitoring/data<1>1
                                                       inst_top_camera_monitoring/crbc_i0/burst_read_addr_1
    -------------------------------------------------  ---------------------------
    Total                                      2.199ns (1.034ns logic, 1.165ns route)
                                                       (47.0% logic, 53.0% route)

--------------------------------------------------------------------------------

Paths for end point inst_top_camera_monitoring/crbc_i0/burst_read_addr_8 (SLICE_X15Y59.G2), 1 path
--------------------------------------------------------------------------------
Slack (hold path):      0.281ns (requirement - (clock path skew + uncertainty - data path))
  Source:               inst_top_camera_monitoring/data_r_8 (FF)
  Destination:          inst_top_camera_monitoring/crbc_i0/burst_read_addr_8 (FF)
  Requirement:          0.000ns
  Data Path Delay:      2.237ns (Levels of Logic = 1)
  Clock Path Skew:      1.956ns (2.927 - 0.971)
  Source Clock:         inst_top_camera_monitoring/clk_mc1_r rising at 20.000ns
  Destination Clock:    inst_top_camera_monitoring/clk_mc1 rising at 20.000ns
  Clock Uncertainty:    0.000ns

  Minimum Data Path: inst_top_camera_monitoring/data_r_8 to inst_top_camera_monitoring/crbc_i0/burst_read_addr_8
    Location             Delay type         Delay(ns)  Physical Resource
                                                       Logical Resource(s)
    -------------------------------------------------  -------------------
    SLICE_X20Y45.XQ      Tcko                  0.474   inst_top_camera_monitoring/data_r<8>
                                                       inst_top_camera_monitoring/data_r_8
    SLICE_X15Y59.G2      net (fanout=2)        1.247   inst_top_camera_monitoring/data_r<8>
    SLICE_X15Y59.CLK     Tckg        (-Th)    -0.516   inst_top_camera_monitoring/crbc_i0/burst_read_addr<9>
                                                       inst_top_camera_monitoring/data<8>1
                                                       inst_top_camera_monitoring/crbc_i0/burst_read_addr_8
    -------------------------------------------------  ---------------------------
    Total                                      2.237ns (0.990ns logic, 1.247ns route)
                                                       (44.3% logic, 55.7% route)

--------------------------------------------------------------------------------

Component Switching Limit Checks: TS_inst_top_camera_monitoring_clk_mc11 = PERIOD TIMEGRP
        "inst_top_camera_monitoring_clk_mc11"
        TS_inst_top_camera_monitoring_clk1 / 0.5 HIGH 50%;
--------------------------------------------------------------------------------
Slack: 16.808ns (period - (min low pulse limit / (low pulse / period)))
  Period: 20.000ns
  Low pulse: 10.000ns
  Low pulse limit: 1.596ns (Trpw)
  Physical resource: dq<0>/SR
  Logical resource: inst_top_camera_monitoring/dq_i_0/SR
  Location pin: L1.SR
  Clock network: pb_IBUF
--------------------------------------------------------------------------------
Slack: 16.808ns (period - (min high pulse limit / (high pulse / period)))
  Period: 20.000ns
  High pulse: 10.000ns
  High pulse limit: 1.596ns (Trpw)
  Physical resource: dq<0>/SR
  Logical resource: inst_top_camera_monitoring/dq_i_0/SR
  Location pin: L1.SR
  Clock network: pb_IBUF
--------------------------------------------------------------------------------
Slack: 16.808ns (period - (min low pulse limit / (low pulse / period)))
  Period: 20.000ns
  Low pulse: 10.000ns
  Low pulse limit: 1.596ns (Trpw)
  Physical resource: dq<0>/SR
  Logical resource: inst_top_camera_monitoring/dq_oo_0/SR
  Location pin: L1.SR
  Clock network: pb_IBUF
--------------------------------------------------------------------------------

================================================================================
Timing constraint: TS_vga_clock_OBUF1 = PERIOD TIMEGRP "vga_clock_OBUF1"        
 TS_inst_top_camera_monitoring_clk1 * 4 HIGH 50%;
For more information, see Period Analysis in the Timing Closure User Guide (UG612).

 32087 paths analyzed, 505 endpoints analyzed, 0 failing endpoints
 0 timing errors detected. (0 setup errors, 0 hold errors, 0 component switching limit errors)
 Minimum period is  12.457ns.
--------------------------------------------------------------------------------

Paths for end point inst_top_camera_monitoring/inst_ov7670contr1/SCCB/data_sr_6 (SLICE_X31Y107.CE), 249 paths
--------------------------------------------------------------------------------
Slack (setup path):     27.543ns (requirement - (data path - clock path skew + uncertainty))
  Source:               inst_top_camera_monitoring/inst_ov7670contr1/Registers/sequence_0 (FF)
  Destination:          inst_top_camera_monitoring/inst_ov7670contr1/SCCB/data_sr_6 (FF)
  Requirement:          40.000ns
  Data Path Delay:      12.421ns (Levels of Logic = 6)
  Clock Path Skew:      -0.036ns (0.016 - 0.052)
  Source Clock:         vga_clock_OBUF rising at 0.000ns
  Destination Clock:    vga_clock_OBUF rising at 40.000ns
  Clock Uncertainty:    0.000ns

  Maximum Data Path: inst_top_camera_monitoring/inst_ov7670contr1/Registers/sequence_0 to inst_top_camera_monitoring/inst_ov7670contr1/SCCB/data_sr_6
    Location             Delay type         Delay(ns)  Physical Resource
                                                       Logical Resource(s)
    -------------------------------------------------  -------------------
    SLICE_X38Y100.XQ     Tcko                  0.592   inst_top_camera_monitoring/inst_ov7670contr1/Registers/sequence<0>
                                                       inst_top_camera_monitoring/inst_ov7670contr1/Registers/sequence_0
    SLICE_X38Y100.F3     net (fanout=50)       1.325   inst_top_camera_monitoring/inst_ov7670contr1/Registers/sequence<0>
    SLICE_X38Y100.X      Tilo                  0.759   inst_top_camera_monitoring/inst_ov7670contr1/Registers/sequence<0>
                                                       inst_top_camera_monitoring/inst_ov7670contr1/Registers/Mrom_cmd_reg_rom00001711_SW0
    SLICE_X36Y101.G2     net (fanout=1)        1.199   N149
    SLICE_X36Y101.Y      Tilo                  0.759   inst_top_camera_monitoring/inst_ov7670contr1/SCCB/addr_reg_prev<7>
                                                       inst_top_camera_monitoring/inst_ov7670contr1/Registers/Mrom_cmd_reg_rom00001711
    SLICE_X36Y101.F4     net (fanout=2)        0.344   inst_top_camera_monitoring/inst_ov7670contr1/command<15>
    SLICE_X36Y101.X      Tilo                  0.759   inst_top_camera_monitoring/inst_ov7670contr1/SCCB/addr_reg_prev<7>
                                                       inst_top_camera_monitoring/inst_ov7670contr1/Registers/done_cmp_eq0000136_SW0
    SLICE_X45Y96.G2      net (fanout=1)        1.249   N174
    SLICE_X45Y96.Y       Tilo                  0.704   led1_OBUF
                                                       inst_top_camera_monitoring/inst_ov7670contr1/Registers/done_cmp_eq0000136
    SLICE_X45Y96.F3      net (fanout=7)        0.061   inst_top_camera_monitoring/inst_ov7670contr1/Registers/N0
    SLICE_X45Y96.X       Tilo                  0.704   led1_OBUF
                                                       inst_top_camera_monitoring/inst_ov7670contr1/Registers/done_cmp_eq00002
    SLICE_X34Y95.F3      net (fanout=2)        0.927   led1_OBUF
    SLICE_X34Y95.X       Tilo                  0.759   inst_top_camera_monitoring/inst_ov7670contr1/SCCB/busy_sr_not0003
                                                       inst_top_camera_monitoring/inst_ov7670contr1/SCCB/busy_sr_not00031
    SLICE_X31Y107.CE     net (fanout=32)       1.725   inst_top_camera_monitoring/inst_ov7670contr1/SCCB/busy_sr_not0003
    SLICE_X31Y107.CLK    Tceck                 0.555   inst_top_camera_monitoring/inst_ov7670contr1/SCCB/data_sr<6>
                                                       inst_top_camera_monitoring/inst_ov7670contr1/SCCB/data_sr_6
    -------------------------------------------------  ---------------------------
    Total                                     12.421ns (5.591ns logic, 6.830ns route)
                                                       (45.0% logic, 55.0% route)

--------------------------------------------------------------------------------
Slack (setup path):     27.865ns (requirement - (data path - clock path skew + uncertainty))
  Source:               inst_top_camera_monitoring/inst_ov7670contr1/Registers/sequence_4 (FF)
  Destination:          inst_top_camera_monitoring/inst_ov7670contr1/SCCB/data_sr_6 (FF)
  Requirement:          40.000ns
  Data Path Delay:      12.099ns (Levels of Logic = 6)
  Clock Path Skew:      -0.036ns (0.016 - 0.052)
  Source Clock:         vga_clock_OBUF rising at 0.000ns
  Destination Clock:    vga_clock_OBUF rising at 40.000ns
  Clock Uncertainty:    0.000ns

  Maximum Data Path: inst_top_camera_monitoring/inst_ov7670contr1/Registers/sequence_4 to inst_top_camera_monitoring/inst_ov7670contr1/SCCB/data_sr_6
    Location             Delay type         Delay(ns)  Physical Resource
                                                       Logical Resource(s)
    -------------------------------------------------  -------------------
    SLICE_X39Y101.XQ     Tcko                  0.591   inst_top_camera_monitoring/inst_ov7670contr1/Registers/sequence<4>
                                                       inst_top_camera_monitoring/inst_ov7670contr1/Registers/sequence_4
    SLICE_X38Y100.F1     net (fanout=32)       1.004   inst_top_camera_monitoring/inst_ov7670contr1/Registers/sequence<4>
    SLICE_X38Y100.X      Tilo                  0.759   inst_top_camera_monitoring/inst_ov7670contr1/Registers/sequence<0>
                                                       inst_top_camera_monitoring/inst_ov7670contr1/Registers/Mrom_cmd_reg_rom00001711_SW0
    SLICE_X36Y101.G2     net (fanout=1)        1.199   N149
    SLICE_X36Y101.Y      Tilo                  0.759   inst_top_camera_monitoring/inst_ov7670contr1/SCCB/addr_reg_prev<7>
                                                       inst_top_camera_monitoring/inst_ov7670contr1/Registers/Mrom_cmd_reg_rom00001711
    SLICE_X36Y101.F4     net (fanout=2)        0.344   inst_top_camera_monitoring/inst_ov7670contr1/command<15>
    SLICE_X36Y101.X      Tilo                  0.759   inst_top_camera_monitoring/inst_ov7670contr1/SCCB/addr_reg_prev<7>
                                                       inst_top_camera_monitoring/inst_ov7670contr1/Registers/done_cmp_eq0000136_SW0
    SLICE_X45Y96.G2      net (fanout=1)        1.249   N174
    SLICE_X45Y96.Y       Tilo                  0.704   led1_OBUF
                                                       inst_top_camera_monitoring/inst_ov7670contr1/Registers/done_cmp_eq0000136
    SLICE_X45Y96.F3      net (fanout=7)        0.061   inst_top_camera_monitoring/inst_ov7670contr1/Registers/N0
    SLICE_X45Y96.X       Tilo                  0.704   led1_OBUF
                                                       inst_top_camera_monitoring/inst_ov7670contr1/Registers/done_cmp_eq00002
    SLICE_X34Y95.F3      net (fanout=2)        0.927   led1_OBUF
    SLICE_X34Y95.X       Tilo                  0.759   inst_top_camera_monitoring/inst_ov7670contr1/SCCB/busy_sr_not0003
                                                       inst_top_camera_monitoring/inst_ov7670contr1/SCCB/busy_sr_not00031
    SLICE_X31Y107.CE     net (fanout=32)       1.725   inst_top_camera_monitoring/inst_ov7670contr1/SCCB/busy_sr_not0003
    SLICE_X31Y107.CLK    Tceck                 0.555   inst_top_camera_monitoring/inst_ov7670contr1/SCCB/data_sr<6>
                                                       inst_top_camera_monitoring/inst_ov7670contr1/SCCB/data_sr_6
    -------------------------------------------------  ---------------------------
    Total                                     12.099ns (5.590ns logic, 6.509ns route)
                                                       (46.2% logic, 53.8% route)

--------------------------------------------------------------------------------
Slack (setup path):     27.872ns (requirement - (data path - clock path skew + uncertainty))
  Source:               inst_top_camera_monitoring/inst_ov7670contr1/Registers/sequence_3 (FF)
  Destination:          inst_top_camera_monitoring/inst_ov7670contr1/SCCB/data_sr_6 (FF)
  Requirement:          40.000ns
  Data Path Delay:      12.092ns (Levels of Logic = 6)
  Clock Path Skew:      -0.036ns (0.016 - 0.052)
  Source Clock:         vga_clock_OBUF rising at 0.000ns
  Destination Clock:    vga_clock_OBUF rising at 40.000ns
  Clock Uncertainty:    0.000ns

  Maximum Data Path: inst_top_camera_monitoring/inst_ov7670contr1/Registers/sequence_3 to inst_top_camera_monitoring/inst_ov7670contr1/SCCB/data_sr_6
    Location             Delay type         Delay(ns)  Physical Resource
                                                       Logical Resource(s)
    -------------------------------------------------  -------------------
    SLICE_X38Y101.XQ     Tcko                  0.592   inst_top_camera_monitoring/inst_ov7670contr1/Registers/sequence<3>
                                                       inst_top_camera_monitoring/inst_ov7670contr1/Registers/sequence_3
    SLICE_X33Y104.G1     net (fanout=48)       2.110   inst_top_camera_monitoring/inst_ov7670contr1/Registers/sequence<3>
    SLICE_X33Y104.F5     Tif5                  0.875   inst_top_camera_monitoring/inst_ov7670contr1/SCCB/reg_value_prev<5>
                                                       inst_top_camera_monitoring/inst_ov7670contr1/Registers/Mrom_cmd_reg_rom00005
                                                       inst_top_camera_monitoring/inst_ov7670contr1/Registers/Mrom_cmd_reg_rom00005_f5
    SLICE_X33Y104.FXINA  net (fanout=1)        0.000   inst_top_camera_monitoring/inst_ov7670contr1/Registers/Mrom_cmd_reg_rom00005_f5
    SLICE_X33Y104.Y      Tif6y                 0.521   inst_top_camera_monitoring/inst_ov7670contr1/SCCB/reg_value_prev<5>
                                                       inst_top_camera_monitoring/inst_ov7670contr1/Registers/Mrom_cmd_reg_rom00005_f6
    SLICE_X40Y101.F4     net (fanout=2)        1.210   inst_top_camera_monitoring/inst_ov7670contr1/command<5>
    SLICE_X40Y101.X      Tilo                  0.759   inst_top_camera_monitoring/inst_ov7670contr1/Registers/done_cmp_eq000015
                                                       inst_top_camera_monitoring/inst_ov7670contr1/Registers/done_cmp_eq000015
    SLICE_X45Y96.G3      net (fanout=1)        0.590   inst_top_camera_monitoring/inst_ov7670contr1/Registers/done_cmp_eq000015
    SLICE_X45Y96.Y       Tilo                  0.704   led1_OBUF
                                                       inst_top_camera_monitoring/inst_ov7670contr1/Registers/done_cmp_eq0000136
    SLICE_X45Y96.F3      net (fanout=7)        0.061   inst_top_camera_monitoring/inst_ov7670contr1/Registers/N0
    SLICE_X45Y96.X       Tilo                  0.704   led1_OBUF
                                                       inst_top_camera_monitoring/inst_ov7670contr1/Registers/done_cmp_eq00002
    SLICE_X34Y95.F3      net (fanout=2)        0.927   led1_OBUF
    SLICE_X34Y95.X       Tilo                  0.759   inst_top_camera_monitoring/inst_ov7670contr1/SCCB/busy_sr_not0003
                                                       inst_top_camera_monitoring/inst_ov7670contr1/SCCB/busy_sr_not00031
    SLICE_X31Y107.CE     net (fanout=32)       1.725   inst_top_camera_monitoring/inst_ov7670contr1/SCCB/busy_sr_not0003
    SLICE_X31Y107.CLK    Tceck                 0.555   inst_top_camera_monitoring/inst_ov7670contr1/SCCB/data_sr<6>
                                                       inst_top_camera_monitoring/inst_ov7670contr1/SCCB/data_sr_6
    -------------------------------------------------  ---------------------------
    Total                                     12.092ns (5.469ns logic, 6.623ns route)
                                                       (45.2% logic, 54.8% route)

--------------------------------------------------------------------------------

Paths for end point inst_top_camera_monitoring/inst_ov7670contr1/SCCB/data_sr_5 (SLICE_X31Y107.CE), 249 paths
--------------------------------------------------------------------------------
Slack (setup path):     27.543ns (requirement - (data path - clock path skew + uncertainty))
  Source:               inst_top_camera_monitoring/inst_ov7670contr1/Registers/sequence_0 (FF)
  Destination:          inst_top_camera_monitoring/inst_ov7670contr1/SCCB/data_sr_5 (FF)
  Requirement:          40.000ns
  Data Path Delay:      12.421ns (Levels of Logic = 6)
  Clock Path Skew:      -0.036ns (0.016 - 0.052)
  Source Clock:         vga_clock_OBUF rising at 0.000ns
  Destination Clock:    vga_clock_OBUF rising at 40.000ns
  Clock Uncertainty:    0.000ns

  Maximum Data Path: inst_top_camera_monitoring/inst_ov7670contr1/Registers/sequence_0 to inst_top_camera_monitoring/inst_ov7670contr1/SCCB/data_sr_5
    Location             Delay type         Delay(ns)  Physical Resource
                                                       Logical Resource(s)
    -------------------------------------------------  -------------------
    SLICE_X38Y100.XQ     Tcko                  0.592   inst_top_camera_monitoring/inst_ov7670contr1/Registers/sequence<0>
                                                       inst_top_camera_monitoring/inst_ov7670contr1/Registers/sequence_0
    SLICE_X38Y100.F3     net (fanout=50)       1.325   inst_top_camera_monitoring/inst_ov7670contr1/Registers/sequence<0>
    SLICE_X38Y100.X      Tilo                  0.759   inst_top_camera_monitoring/inst_ov7670contr1/Registers/sequence<0>
                                                       inst_top_camera_monitoring/inst_ov7670contr1/Registers/Mrom_cmd_reg_rom00001711_SW0
    SLICE_X36Y101.G2     net (fanout=1)        1.199   N149
    SLICE_X36Y101.Y      Tilo                  0.759   inst_top_camera_monitoring/inst_ov7670contr1/SCCB/addr_reg_prev<7>
                                                       inst_top_camera_monitoring/inst_ov7670contr1/Registers/Mrom_cmd_reg_rom00001711
    SLICE_X36Y101.F4     net (fanout=2)        0.344   inst_top_camera_monitoring/inst_ov7670contr1/command<15>
    SLICE_X36Y101.X      Tilo                  0.759   inst_top_camera_monitoring/inst_ov7670contr1/SCCB/addr_reg_prev<7>
                                                       inst_top_camera_monitoring/inst_ov7670contr1/Registers/done_cmp_eq0000136_SW0
    SLICE_X45Y96.G2      net (fanout=1)        1.249   N174
    SLICE_X45Y96.Y       Tilo                  0.704   led1_OBUF
                                                       inst_top_camera_monitoring/inst_ov7670contr1/Registers/done_cmp_eq0000136
    SLICE_X45Y96.F3      net (fanout=7)        0.061   inst_top_camera_monitoring/inst_ov7670contr1/Registers/N0
    SLICE_X45Y96.X       Tilo                  0.704   led1_OBUF
                                                       inst_top_camera_monitoring/inst_ov7670contr1/Registers/done_cmp_eq00002
    SLICE_X34Y95.F3      net (fanout=2)        0.927   led1_OBUF
    SLICE_X34Y95.X       Tilo                  0.759   inst_top_camera_monitoring/inst_ov7670contr1/SCCB/busy_sr_not0003
                                                       inst_top_camera_monitoring/inst_ov7670contr1/SCCB/busy_sr_not00031
    SLICE_X31Y107.CE     net (fanout=32)       1.725   inst_top_camera_monitoring/inst_ov7670contr1/SCCB/busy_sr_not0003
    SLICE_X31Y107.CLK    Tceck                 0.555   inst_top_camera_monitoring/inst_ov7670contr1/SCCB/data_sr<6>
                                                       inst_top_camera_monitoring/inst_ov7670contr1/SCCB/data_sr_5
    -------------------------------------------------  ---------------------------
    Total                                     12.421ns (5.591ns logic, 6.830ns route)
                                                       (45.0% logic, 55.0% route)

--------------------------------------------------------------------------------
Slack (setup path):     27.865ns (requirement - (data path - clock path skew + uncertainty))
  Source:               inst_top_camera_monitoring/inst_ov7670contr1/Registers/sequence_4 (FF)
  Destination:          inst_top_camera_monitoring/inst_ov7670contr1/SCCB/data_sr_5 (FF)
  Requirement:          40.000ns
  Data Path Delay:      12.099ns (Levels of Logic = 6)
  Clock Path Skew:      -0.036ns (0.016 - 0.052)
  Source Clock:         vga_clock_OBUF rising at 0.000ns
  Destination Clock:    vga_clock_OBUF rising at 40.000ns
  Clock Uncertainty:    0.000ns

  Maximum Data Path: inst_top_camera_monitoring/inst_ov7670contr1/Registers/sequence_4 to inst_top_camera_monitoring/inst_ov7670contr1/SCCB/data_sr_5
    Location             Delay type         Delay(ns)  Physical Resource
                                                       Logical Resource(s)
    -------------------------------------------------  -------------------
    SLICE_X39Y101.XQ     Tcko                  0.591   inst_top_camera_monitoring/inst_ov7670contr1/Registers/sequence<4>
                                                       inst_top_camera_monitoring/inst_ov7670contr1/Registers/sequence_4
    SLICE_X38Y100.F1     net (fanout=32)       1.004   inst_top_camera_monitoring/inst_ov7670contr1/Registers/sequence<4>
    SLICE_X38Y100.X      Tilo                  0.759   inst_top_camera_monitoring/inst_ov7670contr1/Registers/sequence<0>
                                                       inst_top_camera_monitoring/inst_ov7670contr1/Registers/Mrom_cmd_reg_rom00001711_SW0
    SLICE_X36Y101.G2     net (fanout=1)        1.199   N149
    SLICE_X36Y101.Y      Tilo                  0.759   inst_top_camera_monitoring/inst_ov7670contr1/SCCB/addr_reg_prev<7>
                                                       inst_top_camera_monitoring/inst_ov7670contr1/Registers/Mrom_cmd_reg_rom00001711
    SLICE_X36Y101.F4     net (fanout=2)        0.344   inst_top_camera_monitoring/inst_ov7670contr1/command<15>
    SLICE_X36Y101.X      Tilo                  0.759   inst_top_camera_monitoring/inst_ov7670contr1/SCCB/addr_reg_prev<7>
                                                       inst_top_camera_monitoring/inst_ov7670contr1/Registers/done_cmp_eq0000136_SW0
    SLICE_X45Y96.G2      net (fanout=1)        1.249   N174
    SLICE_X45Y96.Y       Tilo                  0.704   led1_OBUF
                                                       inst_top_camera_monitoring/inst_ov7670contr1/Registers/done_cmp_eq0000136
    SLICE_X45Y96.F3      net (fanout=7)        0.061   inst_top_camera_monitoring/inst_ov7670contr1/Registers/N0
    SLICE_X45Y96.X       Tilo                  0.704   led1_OBUF
                                                       inst_top_camera_monitoring/inst_ov7670contr1/Registers/done_cmp_eq00002
    SLICE_X34Y95.F3      net (fanout=2)        0.927   led1_OBUF
    SLICE_X34Y95.X       Tilo                  0.759   inst_top_camera_monitoring/inst_ov7670contr1/SCCB/busy_sr_not0003
                                                       inst_top_camera_monitoring/inst_ov7670contr1/SCCB/busy_sr_not00031
    SLICE_X31Y107.CE     net (fanout=32)       1.725   inst_top_camera_monitoring/inst_ov7670contr1/SCCB/busy_sr_not0003
    SLICE_X31Y107.CLK    Tceck                 0.555   inst_top_camera_monitoring/inst_ov7670contr1/SCCB/data_sr<6>
                                                       inst_top_camera_monitoring/inst_ov7670contr1/SCCB/data_sr_5
    -------------------------------------------------  ---------------------------
    Total                                     12.099ns (5.590ns logic, 6.509ns route)
                                                       (46.2% logic, 53.8% route)

--------------------------------------------------------------------------------
Slack (setup path):     27.872ns (requirement - (data path - clock path skew + uncertainty))
  Source:               inst_top_camera_monitoring/inst_ov7670contr1/Registers/sequence_3 (FF)
  Destination:          inst_top_camera_monitoring/inst_ov7670contr1/SCCB/data_sr_5 (FF)
  Requirement:          40.000ns
  Data Path Delay:      12.092ns (Levels of Logic = 6)
  Clock Path Skew:      -0.036ns (0.016 - 0.052)
  Source Clock:         vga_clock_OBUF rising at 0.000ns
  Destination Clock:    vga_clock_OBUF rising at 40.000ns
  Clock Uncertainty:    0.000ns

  Maximum Data Path: inst_top_camera_monitoring/inst_ov7670contr1/Registers/sequence_3 to inst_top_camera_monitoring/inst_ov7670contr1/SCCB/data_sr_5
    Location             Delay type         Delay(ns)  Physical Resource
                                                       Logical Resource(s)
    -------------------------------------------------  -------------------
    SLICE_X38Y101.XQ     Tcko                  0.592   inst_top_camera_monitoring/inst_ov7670contr1/Registers/sequence<3>
                                                       inst_top_camera_monitoring/inst_ov7670contr1/Registers/sequence_3
    SLICE_X33Y104.G1     net (fanout=48)       2.110   inst_top_camera_monitoring/inst_ov7670contr1/Registers/sequence<3>
    SLICE_X33Y104.F5     Tif5                  0.875   inst_top_camera_monitoring/inst_ov7670contr1/SCCB/reg_value_prev<5>
                                                       inst_top_camera_monitoring/inst_ov7670contr1/Registers/Mrom_cmd_reg_rom00005
                                                       inst_top_camera_monitoring/inst_ov7670contr1/Registers/Mrom_cmd_reg_rom00005_f5
    SLICE_X33Y104.FXINA  net (fanout=1)        0.000   inst_top_camera_monitoring/inst_ov7670contr1/Registers/Mrom_cmd_reg_rom00005_f5
    SLICE_X33Y104.Y      Tif6y                 0.521   inst_top_camera_monitoring/inst_ov7670contr1/SCCB/reg_value_prev<5>
                                                       inst_top_camera_monitoring/inst_ov7670contr1/Registers/Mrom_cmd_reg_rom00005_f6
    SLICE_X40Y101.F4     net (fanout=2)        1.210   inst_top_camera_monitoring/inst_ov7670contr1/command<5>
    SLICE_X40Y101.X      Tilo                  0.759   inst_top_camera_monitoring/inst_ov7670contr1/Registers/done_cmp_eq000015
                                                       inst_top_camera_monitoring/inst_ov7670contr1/Registers/done_cmp_eq000015
    SLICE_X45Y96.G3      net (fanout=1)        0.590   inst_top_camera_monitoring/inst_ov7670contr1/Registers/done_cmp_eq000015
    SLICE_X45Y96.Y       Tilo                  0.704   led1_OBUF
                                                       inst_top_camera_monitoring/inst_ov7670contr1/Registers/done_cmp_eq0000136
    SLICE_X45Y96.F3      net (fanout=7)        0.061   inst_top_camera_monitoring/inst_ov7670contr1/Registers/N0
    SLICE_X45Y96.X       Tilo                  0.704   led1_OBUF
                                                       inst_top_camera_monitoring/inst_ov7670contr1/Registers/done_cmp_eq00002
    SLICE_X34Y95.F3      net (fanout=2)        0.927   led1_OBUF
    SLICE_X34Y95.X       Tilo                  0.759   inst_top_camera_monitoring/inst_ov7670contr1/SCCB/busy_sr_not0003
                                                       inst_top_camera_monitoring/inst_ov7670contr1/SCCB/busy_sr_not00031
    SLICE_X31Y107.CE     net (fanout=32)       1.725   inst_top_camera_monitoring/inst_ov7670contr1/SCCB/busy_sr_not0003
    SLICE_X31Y107.CLK    Tceck                 0.555   inst_top_camera_monitoring/inst_ov7670contr1/SCCB/data_sr<6>
                                                       inst_top_camera_monitoring/inst_ov7670contr1/SCCB/data_sr_5
    -------------------------------------------------  ---------------------------
    Total                                     12.092ns (5.469ns logic, 6.623ns route)
                                                       (45.2% logic, 54.8% route)

--------------------------------------------------------------------------------

Paths for end point inst_top_camera_monitoring/inst_ov7670contr1/SCCB/busy_sr_23 (SLICE_X30Y105.CE), 249 paths
--------------------------------------------------------------------------------
Slack (setup path):     27.548ns (requirement - (data path - clock path skew + uncertainty))
  Source:               inst_top_camera_monitoring/inst_ov7670contr1/Registers/sequence_0 (FF)
  Destination:          inst_top_camera_monitoring/inst_ov7670contr1/SCCB/busy_sr_23 (FF)
  Requirement:          40.000ns
  Data Path Delay:      12.418ns (Levels of Logic = 6)
  Clock Path Skew:      -0.034ns (0.018 - 0.052)
  Source Clock:         vga_clock_OBUF rising at 0.000ns
  Destination Clock:    vga_clock_OBUF rising at 40.000ns
  Clock Uncertainty:    0.000ns

  Maximum Data Path: inst_top_camera_monitoring/inst_ov7670contr1/Registers/sequence_0 to inst_top_camera_monitoring/inst_ov7670contr1/SCCB/busy_sr_23
    Location             Delay type         Delay(ns)  Physical Resource
                                                       Logical Resource(s)
    -------------------------------------------------  -------------------
    SLICE_X38Y100.XQ     Tcko                  0.592   inst_top_camera_monitoring/inst_ov7670contr1/Registers/sequence<0>
                                                       inst_top_camera_monitoring/inst_ov7670contr1/Registers/sequence_0
    SLICE_X38Y100.F3     net (fanout=50)       1.325   inst_top_camera_monitoring/inst_ov7670contr1/Registers/sequence<0>
    SLICE_X38Y100.X      Tilo                  0.759   inst_top_camera_monitoring/inst_ov7670contr1/Registers/sequence<0>
                                                       inst_top_camera_monitoring/inst_ov7670contr1/Registers/Mrom_cmd_reg_rom00001711_SW0
    SLICE_X36Y101.G2     net (fanout=1)        1.199   N149
    SLICE_X36Y101.Y      Tilo                  0.759   inst_top_camera_monitoring/inst_ov7670contr1/SCCB/addr_reg_prev<7>
                                                       inst_top_camera_monitoring/inst_ov7670contr1/Registers/Mrom_cmd_reg_rom00001711
    SLICE_X36Y101.F4     net (fanout=2)        0.344   inst_top_camera_monitoring/inst_ov7670contr1/command<15>
    SLICE_X36Y101.X      Tilo                  0.759   inst_top_camera_monitoring/inst_ov7670contr1/SCCB/addr_reg_prev<7>
                                                       inst_top_camera_monitoring/inst_ov7670contr1/Registers/done_cmp_eq0000136_SW0
    SLICE_X45Y96.G2      net (fanout=1)        1.249   N174
    SLICE_X45Y96.Y       Tilo                  0.704   led1_OBUF
                                                       inst_top_camera_monitoring/inst_ov7670contr1/Registers/done_cmp_eq0000136
    SLICE_X45Y96.F3      net (fanout=7)        0.061   inst_top_camera_monitoring/inst_ov7670contr1/Registers/N0
    SLICE_X45Y96.X       Tilo                  0.704   led1_OBUF
                                                       inst_top_camera_monitoring/inst_ov7670contr1/Registers/done_cmp_eq00002
    SLICE_X34Y95.F3      net (fanout=2)        0.927   led1_OBUF
    SLICE_X34Y95.X       Tilo                  0.759   inst_top_camera_monitoring/inst_ov7670contr1/SCCB/busy_sr_not0003
                                                       inst_top_camera_monitoring/inst_ov7670contr1/SCCB/busy_sr_not00031
    SLICE_X30Y105.CE     net (fanout=32)       1.722   inst_top_camera_monitoring/inst_ov7670contr1/SCCB/busy_sr_not0003
    SLICE_X30Y105.CLK    Tceck                 0.555   inst_top_camera_monitoring/inst_ov7670contr1/SCCB/busy_sr<23>
                                                       inst_top_camera_monitoring/inst_ov7670contr1/SCCB/busy_sr_23
    -------------------------------------------------  ---------------------------
    Total                                     12.418ns (5.591ns logic, 6.827ns route)
                                                       (45.0% logic, 55.0% route)

--------------------------------------------------------------------------------
Slack (setup path):     27.870ns (requirement - (data path - clock path skew + uncertainty))
  Source:               inst_top_camera_monitoring/inst_ov7670contr1/Registers/sequence_4 (FF)
  Destination:          inst_top_camera_monitoring/inst_ov7670contr1/SCCB/busy_sr_23 (FF)
  Requirement:          40.000ns
  Data Path Delay:      12.096ns (Levels of Logic = 6)
  Clock Path Skew:      -0.034ns (0.018 - 0.052)
  Source Clock:         vga_clock_OBUF rising at 0.000ns
  Destination Clock:    vga_clock_OBUF rising at 40.000ns
  Clock Uncertainty:    0.000ns

  Maximum Data Path: inst_top_camera_monitoring/inst_ov7670contr1/Registers/sequence_4 to inst_top_camera_monitoring/inst_ov7670contr1/SCCB/busy_sr_23
    Location             Delay type         Delay(ns)  Physical Resource
                                                       Logical Resource(s)
    -------------------------------------------------  -------------------
    SLICE_X39Y101.XQ     Tcko                  0.591   inst_top_camera_monitoring/inst_ov7670contr1/Registers/sequence<4>
                                                       inst_top_camera_monitoring/inst_ov7670contr1/Registers/sequence_4
    SLICE_X38Y100.F1     net (fanout=32)       1.004   inst_top_camera_monitoring/inst_ov7670contr1/Registers/sequence<4>
    SLICE_X38Y100.X      Tilo                  0.759   inst_top_camera_monitoring/inst_ov7670contr1/Registers/sequence<0>
                                                       inst_top_camera_monitoring/inst_ov7670contr1/Registers/Mrom_cmd_reg_rom00001711_SW0
    SLICE_X36Y101.G2     net (fanout=1)        1.199   N149
    SLICE_X36Y101.Y      Tilo                  0.759   inst_top_camera_monitoring/inst_ov7670contr1/SCCB/addr_reg_prev<7>
                                                       inst_top_camera_monitoring/inst_ov7670contr1/Registers/Mrom_cmd_reg_rom00001711
    SLICE_X36Y101.F4     net (fanout=2)        0.344   inst_top_camera_monitoring/inst_ov7670contr1/command<15>
    SLICE_X36Y101.X      Tilo                  0.759   inst_top_camera_monitoring/inst_ov7670contr1/SCCB/addr_reg_prev<7>
                                                       inst_top_camera_monitoring/inst_ov7670contr1/Registers/done_cmp_eq0000136_SW0
    SLICE_X45Y96.G2      net (fanout=1)        1.249   N174
    SLICE_X45Y96.Y       Tilo                  0.704   led1_OBUF
                                                       inst_top_camera_monitoring/inst_ov7670contr1/Registers/done_cmp_eq0000136
    SLICE_X45Y96.F3      net (fanout=7)        0.061   inst_top_camera_monitoring/inst_ov7670contr1/Registers/N0
    SLICE_X45Y96.X       Tilo                  0.704   led1_OBUF
                                                       inst_top_camera_monitoring/inst_ov7670contr1/Registers/done_cmp_eq00002
    SLICE_X34Y95.F3      net (fanout=2)        0.927   led1_OBUF
    SLICE_X34Y95.X       Tilo                  0.759   inst_top_camera_monitoring/inst_ov7670contr1/SCCB/busy_sr_not0003
                                                       inst_top_camera_monitoring/inst_ov7670contr1/SCCB/busy_sr_not00031
    SLICE_X30Y105.CE     net (fanout=32)       1.722   inst_top_camera_monitoring/inst_ov7670contr1/SCCB/busy_sr_not0003
    SLICE_X30Y105.CLK    Tceck                 0.555   inst_top_camera_monitoring/inst_ov7670contr1/SCCB/busy_sr<23>
                                                       inst_top_camera_monitoring/inst_ov7670contr1/SCCB/busy_sr_23
    -------------------------------------------------  ---------------------------
    Total                                     12.096ns (5.590ns logic, 6.506ns route)
                                                       (46.2% logic, 53.8% route)

--------------------------------------------------------------------------------
Slack (setup path):     27.877ns (requirement - (data path - clock path skew + uncertainty))
  Source:               inst_top_camera_monitoring/inst_ov7670contr1/Registers/sequence_3 (FF)
  Destination:          inst_top_camera_monitoring/inst_ov7670contr1/SCCB/busy_sr_23 (FF)
  Requirement:          40.000ns
  Data Path Delay:      12.089ns (Levels of Logic = 6)
  Clock Path Skew:      -0.034ns (0.018 - 0.052)
  Source Clock:         vga_clock_OBUF rising at 0.000ns
  Destination Clock:    vga_clock_OBUF rising at 40.000ns
  Clock Uncertainty:    0.000ns

  Maximum Data Path: inst_top_camera_monitoring/inst_ov7670contr1/Registers/sequence_3 to inst_top_camera_monitoring/inst_ov7670contr1/SCCB/busy_sr_23
    Location             Delay type         Delay(ns)  Physical Resource
                                                       Logical Resource(s)
    -------------------------------------------------  -------------------
    SLICE_X38Y101.XQ     Tcko                  0.592   inst_top_camera_monitoring/inst_ov7670contr1/Registers/sequence<3>
                                                       inst_top_camera_monitoring/inst_ov7670contr1/Registers/sequence_3
    SLICE_X33Y104.G1     net (fanout=48)       2.110   inst_top_camera_monitoring/inst_ov7670contr1/Registers/sequence<3>
    SLICE_X33Y104.F5     Tif5                  0.875   inst_top_camera_monitoring/inst_ov7670contr1/SCCB/reg_value_prev<5>
                                                       inst_top_camera_monitoring/inst_ov7670contr1/Registers/Mrom_cmd_reg_rom00005
                                                       inst_top_camera_monitoring/inst_ov7670contr1/Registers/Mrom_cmd_reg_rom00005_f5
    SLICE_X33Y104.FXINA  net (fanout=1)        0.000   inst_top_camera_monitoring/inst_ov7670contr1/Registers/Mrom_cmd_reg_rom00005_f5
    SLICE_X33Y104.Y      Tif6y                 0.521   inst_top_camera_monitoring/inst_ov7670contr1/SCCB/reg_value_prev<5>
                                                       inst_top_camera_monitoring/inst_ov7670contr1/Registers/Mrom_cmd_reg_rom00005_f6
    SLICE_X40Y101.F4     net (fanout=2)        1.210   inst_top_camera_monitoring/inst_ov7670contr1/command<5>
    SLICE_X40Y101.X      Tilo                  0.759   inst_top_camera_monitoring/inst_ov7670contr1/Registers/done_cmp_eq000015
                                                       inst_top_camera_monitoring/inst_ov7670contr1/Registers/done_cmp_eq000015
    SLICE_X45Y96.G3      net (fanout=1)        0.590   inst_top_camera_monitoring/inst_ov7670contr1/Registers/done_cmp_eq000015
    SLICE_X45Y96.Y       Tilo                  0.704   led1_OBUF
                                                       inst_top_camera_monitoring/inst_ov7670contr1/Registers/done_cmp_eq0000136
    SLICE_X45Y96.F3      net (fanout=7)        0.061   inst_top_camera_monitoring/inst_ov7670contr1/Registers/N0
    SLICE_X45Y96.X       Tilo                  0.704   led1_OBUF
                                                       inst_top_camera_monitoring/inst_ov7670contr1/Registers/done_cmp_eq00002
    SLICE_X34Y95.F3      net (fanout=2)        0.927   led1_OBUF
    SLICE_X34Y95.X       Tilo                  0.759   inst_top_camera_monitoring/inst_ov7670contr1/SCCB/busy_sr_not0003
                                                       inst_top_camera_monitoring/inst_ov7670contr1/SCCB/busy_sr_not00031
    SLICE_X30Y105.CE     net (fanout=32)       1.722   inst_top_camera_monitoring/inst_ov7670contr1/SCCB/busy_sr_not0003
    SLICE_X30Y105.CLK    Tceck                 0.555   inst_top_camera_monitoring/inst_ov7670contr1/SCCB/busy_sr<23>
                                                       inst_top_camera_monitoring/inst_ov7670contr1/SCCB/busy_sr_23
    -------------------------------------------------  ---------------------------
    Total                                     12.089ns (5.469ns logic, 6.620ns route)
                                                       (45.2% logic, 54.8% route)

--------------------------------------------------------------------------------

Hold Paths: TS_vga_clock_OBUF1 = PERIOD TIMEGRP "vga_clock_OBUF1"
        TS_inst_top_camera_monitoring_clk1 * 4 HIGH 50%;
--------------------------------------------------------------------------------

Paths for end point inst_top_camera_monitoring/vga_timing_i0/qr1_9 (SLICE_X25Y11.BX), 1 path
--------------------------------------------------------------------------------
Slack (hold path):      0.968ns (requirement - (clock path skew + uncertainty - data path))
  Source:               inst_top_camera_monitoring/vga_timing_i0/qr1_8 (FF)
  Destination:          inst_top_camera_monitoring/vga_timing_i0/qr1_9 (FF)
  Requirement:          0.000ns
  Data Path Delay:      0.968ns (Levels of Logic = 0)
  Clock Path Skew:      0.000ns
  Source Clock:         vga_clock_OBUF rising at 40.000ns
  Destination Clock:    vga_clock_OBUF rising at 40.000ns
  Clock Uncertainty:    0.000ns

  Minimum Data Path: inst_top_camera_monitoring/vga_timing_i0/qr1_8 to inst_top_camera_monitoring/vga_timing_i0/qr1_9
    Location             Delay type         Delay(ns)  Physical Resource
                                                       Logical Resource(s)
    -------------------------------------------------  -------------------
    SLICE_X25Y11.YQ      Tcko                  0.470   inst_top_camera_monitoring/vga_timing_i0/qr1<9>
                                                       inst_top_camera_monitoring/vga_timing_i0/qr1_8
    SLICE_X25Y11.BX      net (fanout=5)        0.405   inst_top_camera_monitoring/vga_timing_i0/qr1<8>
    SLICE_X25Y11.CLK     Tckdi       (-Th)    -0.093   inst_top_camera_monitoring/vga_timing_i0/qr1<9>
                                                       inst_top_camera_monitoring/vga_timing_i0/qr1_9
    -------------------------------------------------  ---------------------------
    Total                                      0.968ns (0.563ns logic, 0.405ns route)
                                                       (58.2% logic, 41.8% route)

--------------------------------------------------------------------------------

Paths for end point inst_top_camera_monitoring/vga_timing_i0/qr2_15 (SLICE_X37Y15.BX), 1 path
--------------------------------------------------------------------------------
Slack (hold path):      0.976ns (requirement - (clock path skew + uncertainty - data path))
  Source:               inst_top_camera_monitoring/vga_timing_i0/qr2_14 (FF)
  Destination:          inst_top_camera_monitoring/vga_timing_i0/qr2_15 (FF)
  Requirement:          0.000ns
  Data Path Delay:      0.976ns (Levels of Logic = 0)
  Clock Path Skew:      0.000ns
  Source Clock:         vga_clock_OBUF rising at 40.000ns
  Destination Clock:    vga_clock_OBUF rising at 40.000ns
  Clock Uncertainty:    0.000ns

  Minimum Data Path: inst_top_camera_monitoring/vga_timing_i0/qr2_14 to inst_top_camera_monitoring/vga_timing_i0/qr2_15
    Location             Delay type         Delay(ns)  Physical Resource
                                                       Logical Resource(s)
    -------------------------------------------------  -------------------
    SLICE_X37Y15.YQ      Tcko                  0.470   inst_top_camera_monitoring/vga_timing_i0/qr2<15>
                                                       inst_top_camera_monitoring/vga_timing_i0/qr2_14
    SLICE_X37Y15.BX      net (fanout=3)        0.413   inst_top_camera_monitoring/vga_timing_i0/qr2<14>
    SLICE_X37Y15.CLK     Tckdi       (-Th)    -0.093   inst_top_camera_monitoring/vga_timing_i0/qr2<15>
                                                       inst_top_camera_monitoring/vga_timing_i0/qr2_15
    -------------------------------------------------  ---------------------------
    Total                                      0.976ns (0.563ns logic, 0.413ns route)
                                                       (57.7% logic, 42.3% route)

--------------------------------------------------------------------------------

Paths for end point inst_top_camera_monitoring/vga_timing_i0/qr1_2 (SLICE_X24Y12.BY), 1 path
--------------------------------------------------------------------------------
Slack (hold path):      1.025ns (requirement - (clock path skew + uncertainty - data path))
  Source:               inst_top_camera_monitoring/vga_timing_i0/qr1_1 (FF)
  Destination:          inst_top_camera_monitoring/vga_timing_i0/qr1_2 (FF)
  Requirement:          0.000ns
  Data Path Delay:      1.023ns (Levels of Logic = 0)
  Clock Path Skew:      -0.002ns (0.002 - 0.004)
  Source Clock:         vga_clock_OBUF rising at 40.000ns
  Destination Clock:    vga_clock_OBUF rising at 40.000ns
  Clock Uncertainty:    0.000ns

  Minimum Data Path: inst_top_camera_monitoring/vga_timing_i0/qr1_1 to inst_top_camera_monitoring/vga_timing_i0/qr1_2
    Location             Delay type         Delay(ns)  Physical Resource
                                                       Logical Resource(s)
    -------------------------------------------------  -------------------
    SLICE_X24Y15.XQ      Tcko                  0.474   inst_top_camera_monitoring/vga_timing_i0/qr1<1>
                                                       inst_top_camera_monitoring/vga_timing_i0/qr1_1
    SLICE_X24Y12.BY      net (fanout=4)        0.397   inst_top_camera_monitoring/vga_timing_i0/qr1<1>
    SLICE_X24Y12.CLK     Tckdi       (-Th)    -0.152   inst_top_camera_monitoring/vga_timing_i0/qr1<3>
                                                       inst_top_camera_monitoring/vga_timing_i0/qr1_2
    -------------------------------------------------  ---------------------------
    Total                                      1.023ns (0.626ns logic, 0.397ns route)
                                                       (61.2% logic, 38.8% route)

--------------------------------------------------------------------------------

Component Switching Limit Checks: TS_vga_clock_OBUF1 = PERIOD TIMEGRP "vga_clock_OBUF1"
        TS_inst_top_camera_monitoring_clk1 * 4 HIGH 50%;
--------------------------------------------------------------------------------
Slack: 36.808ns (period - (min low pulse limit / (low pulse / period)))
  Period: 40.000ns
  Low pulse: 20.000ns
  Low pulse limit: 1.596ns (Trpw)
  Physical resource: inst_top_camera_monitoring/vga_timing_i0/hblank_not/BY
  Logical resource: inst_top_camera_monitoring/vga_timing_i0/hblank_gen_fdcpe/REV
  Location pin: SLICE_X19Y15.BY
  Clock network: inst_top_camera_monitoring/vga_timing_i0/hblank_set
--------------------------------------------------------------------------------
Slack: 36.808ns (period - (min high pulse limit / (high pulse / period)))
  Period: 40.000ns
  High pulse: 20.000ns
  High pulse limit: 1.596ns (Trpw)
  Physical resource: inst_top_camera_monitoring/vga_timing_i0/hblank_not/BY
  Logical resource: inst_top_camera_monitoring/vga_timing_i0/hblank_gen_fdcpe/REV
  Location pin: SLICE_X19Y15.BY
  Clock network: inst_top_camera_monitoring/vga_timing_i0/hblank_set
--------------------------------------------------------------------------------
Slack: 36.808ns (period - (min low pulse limit / (low pulse / period)))
  Period: 40.000ns
  Low pulse: 20.000ns
  Low pulse limit: 1.596ns (Trpw)
  Physical resource: inst_top_camera_monitoring/vga_timing_i0/hblank_not/SR
  Logical resource: inst_top_camera_monitoring/vga_timing_i0/hblank_gen_fdcpe/SR
  Location pin: SLICE_X19Y15.SR
  Clock network: inst_top_camera_monitoring/vga_timing_i0/hb_gen_state<0>
--------------------------------------------------------------------------------


Derived Constraint Report
Derived Constraints for TS_clk100
+-------------------------------+-------------+-------------+-------------+-------------+-------------+-------------+-------------+
|                               |   Period    |       Actual Period       |      Timing Errors        |      Paths Analyzed       |
|           Constraint          | Requirement |-------------+-------------|-------------+-------------|-------------+-------------|
|                               |             |   Direct    | Derivative  |   Direct    | Derivative  |   Direct    | Derivative  |
+-------------------------------+-------------+-------------+-------------+-------------+-------------+-------------+-------------+
|TS_clk100                      |     10.000ns|      4.800ns|      8.974ns|            0|            0|            0|        43222|
| TS_inst_top_camera_monitoring_|     10.000ns|      4.800ns|      8.974ns|            0|            0|            0|        43222|
| clk1                          |             |             |             |             |             |             |             |
|  TS_inst_top_camera_monitoring|     20.000ns|      8.987ns|          N/A|            0|            0|          564|            0|
|  _clk_mc1_r1                  |             |             |             |             |             |             |             |
|  TS_inst_top_camera_monitoring|     20.000ns|      8.206ns|          N/A|            0|            0|          603|            0|
|  _clk_mc1_w1                  |             |             |             |             |             |             |             |
|  TS_inst_top_camera_monitoring|     20.000ns|     17.948ns|          N/A|            0|            0|         9968|            0|
|  _clk_mc11                    |             |             |             |             |             |             |             |
|  TS_vga_clock_OBUF1           |     40.000ns|     12.457ns|          N/A|            0|            0|        32087|            0|
+-------------------------------+-------------+-------------+-------------+-------------+-------------+-------------+-------------+

All constraints were met.


Data Sheet report:
-----------------
All values displayed in nanoseconds (ns)

Clock to Setup on destination clock i_clock
---------------+---------+---------+---------+---------+
               | Src:Rise| Src:Fall| Src:Rise| Src:Fall|
Source Clock   |Dest:Rise|Dest:Rise|Dest:Fall|Dest:Fall|
---------------+---------+---------+---------+---------+
i_clock        |   13.785|    8.974|    4.331|         |
---------------+---------+---------+---------+---------+

Clock to Setup on destination clock ov7670_pclk1
---------------+---------+---------+---------+---------+
               | Src:Rise| Src:Fall| Src:Rise| Src:Fall|
Source Clock   |Dest:Rise|Dest:Rise|Dest:Fall|Dest:Fall|
---------------+---------+---------+---------+---------+
ov7670_pclk1   |    5.290|         |    4.455|         |
---------------+---------+---------+---------+---------+


Timing summary:
---------------

Timing errors: 0  Score: 0  (Setup/Max: 0, Hold: 0)

Constraints cover 43705 paths, 0 nets, and 3483 connections

Design statistics:
   Minimum period:  17.948ns{1}   (Maximum frequency:  55.717MHz)


------------------------------------Footnotes-----------------------------------
1)  The minimum period statistic assumes all single cycle delays.

Analysis completed Fri Aug 14 14:44:36 2026 
--------------------------------------------------------------------------------

Trace Settings:
-------------------------
Trace Settings 

Peak Memory Usage: 374 MB



